path,Bitwuzla,,SMTInterpol,,cvc5,
,solved,runtime,solved,runtime,solved,runtime
ABV/20230321-UltimateAutomizerSvcomp2023/sll2n_update_all_reverse.i_98.smt2,0,0.22191511001437902,0,0.5747593949781731,1,0.2638098718598485
ABV/20230321-UltimateAutomizerSvcomp2023/memleaks_test15-1.i_12.smt2,0,1201.251858888194,0,0.5171933160163462,0,80.34738680091687
ABV/20230321-UltimateAutomizerSvcomp2023/tree_parent_ptr.i_1.smt2,0,1201.2255745690782,1,0.5712750790407881,0,80.30357480398379
ABV/20230321-UltimateAutomizerSvcomp2023/memleaks_test10-1.i_7.smt2,1,0.21858464390970767,0,0.5044594590435736,1,0.24024622002616525
ABV/20230321-UltimateAutomizerSvcomp2023/list-ext_flag.i_109.smt2,0,0.22337624803185463,1,0.7708444390445948,1,0.2452733658719808
ABV/20230321-UltimateAutomizerSvcomp2023/list-ext_flag.i_16.smt2,0,0.23286715312860906,1,0.6939760749810375,1,0.22992657800205052
ABV/20190429-UltimateAutomizerSvcomp2019/dll-circular_false-unreach-call_false-valid-memcleanup.i_10.smt2,0,0.25582853402011096,0,0.4712111509870738,0,1201.7129066931084
ABV/20230321-UltimateAutomizerSvcomp2023/min_max.i_10.smt2,0,0.22508166101761162,0,0.6919391729752533,0,26.162208046065643
ABV/20230321-UltimateAutomizerSvcomp2023/sll2n_insert_unequal.i_74.smt2,0,0.22068310994654894,0,0.6750223850249313,0,20.334235225105658
ABV/20230321-UltimateAutomizerSvcomp2023/sll2c_insert_equal.i_28.smt2,0,0.25151834497228265,0,48.1089296900318,1,0.24882318708114326
ABV/20230321-UltimateAutomizerSvcomp2023/ex3_forlist.i_380.smt2,0,0.22469091298989952,0,0.5247289319522679,1,0.3098343391902745
ABV/20230321-UltimateAutomizerSvcomp2023/test-memleak_nexttime.i_48.smt2,0,0.23830760805867612,1,0.5186310280114412,1,0.2624768731184304
ABV/20230321-UltimateAutomizerSvcomp2023/ex3_forlist.i_222.smt2,0,0.24133843602612615,1,0.5699987719999626,1,7.717925179982558
ABV/20230321-UltimateAutomizerSvcomp2023/test_mutex_unbounded-2.i_86.smt2,0,0.22225318010896444,0,1201.7206966669764,0,1201.7233725611586
ABV/20230321-UltimateAutomizerSvcomp2023/sll_to_dll_rev-2.i_66.smt2,0,0.2573620700277388,1,1.0122096560080536,1,0.22361705312505364
ABV/20230321-UltimateAutomizerSvcomp2023/dll2n_append_equal.i_77.smt2,0,0.22054316918365657,0,0.5492357860202901,0,80.41044324915856
ABV/20230321-UltimateAutomizerSvcomp2023/list-2.i_37.smt2,1,0.2163464999757707,0,0.5178645710111596,0,3.9062377428635955
ABV/20230321-UltimateAutomizerSvcomp2023/test-memleak_nexttime.i_346.smt2,0,0.2416992369107902,0,0.6182903459994122,0,80.50820629391819
ABV/20230321-UltimateAutomizerSvcomp2023/sll2c_insert_unequal.i_64.smt2,0,0.24227952305227518,0,69.0129804550088,1,0.22308682603761554
ABV/20230321-UltimateAutomizerSvcomp2023/memleaks_test18_3.i_18.smt2,1,0.21908663888461888,0,0.5290821400121786,0,80.46930309198797
ABV/20230321-UltimateAutomizerSvcomp2023/dll-rb-sentinel-1.i_2.smt2,0,0.2548702659551054,0,0.6936268080025911,0,80.53298447886482
ABV/20230321-UltimateAutomizerSvcomp2023/simple-2.i_5.smt2,0,0.2386710790451616,0,0.5575591179658659,0,80.44353218795732
ABV/20230321-UltimateAutomizerSvcomp2023/sll2c_insert_unequal.i_122.smt2,0,0.2276542668696493,0,1202.2467062720098,1,0.22463640314526856
ABV/20230321-UltimateAutomizerSvcomp2023/test-memleak_nexttime.i_193.smt2,0,0.2267217740882188,0,0.5777413489995524,0,1201.7296111360192
ABV/20230321-UltimateAutomizerSvcomp2023/test-0158-1.i_3.smt2,1,0.23721872293390334,0,0.496068985958118,0,80.26547203399241
ABV/20230321-UltimateAutomizerSvcomp2023/sll-rb-sentinel-1.i_54.smt2,0,0.24072552798315883,0,0.5349861300201155,0,80.29355865088291
ABV/20230321-UltimateAutomizerSvcomp2023/memleaks_test6_2.i_26.smt2,1,0.24754805699922144,0,0.48525067599257454,1,0.24249347811564803
ABV/20230321-UltimateAutomizerSvcomp2023/test_mutex_unbounded-1.i_23.smt2,0,0.25042098411358893,0,1202.219374649052,0,1201.713227068074
ABV/20230321-UltimateAutomizerSvcomp2023/sll2c_insert_equal.i_129.smt2,0,0.23698843200691044,0,1201.747533493035,0,1201.7215664298274
ABV/20230321-UltimateAutomizerSvcomp2023/sll2n_append_equal.i_44.smt2,0,0.2511217969004065,0,0.6246589030488394,0,304.5477015990764
ABV/20230321-UltimateAutomizerSvcomp2023/min_max.i_12.smt2,0,0.22769702994264662,0,0.5470612719655037,0,80.43563473201357
ABV/20230321-UltimateAutomizerSvcomp2023/ex3_forlist.i_346.smt2,0,0.24657243001274765,0,0.5273371260263957,1,0.34199749305844307
ABV/20230321-UltimateAutomizerSvcomp2023/simple-ext_1.i_48.smt2,0,0.23728184215724468,0,0.5114016580046155,0,80.29020515806042
ABV/20230321-UltimateAutomizerSvcomp2023/ex3_forlist.i_27.smt2,0,0.23791924095712602,0,0.6779340240173042,0,1201.7400689651258
ABV/20230321-UltimateAutomizerSvcomp2023/dancing.i_35.smt2,0,0.23106413101777434,0,0.8994392760214396,0,1201.7375749091152
ABV/20230321-UltimateAutomizerSvcomp2023/simple_search_value-2.i_53.smt2,0,0.22139234701171517,0,891.8181008370011,0,80.62128881388344
ABV/20230321-UltimateAutomizerSvcomp2023/dll_of_dll-2.i_7.smt2,0,0.2277589258737862,1,0.5639706999645568,1,0.2498769590165466
ABV/20230321-UltimateAutomizerSvcomp2023/ex3_forlist.i_83.smt2,0,0.23846289608627558,1,0.5745036480366252,1,9.401184128131717
ABV/20230321-UltimateAutomizerSvcomp2023/sll-rb-sentinel-1.i_40.smt2,0,0.23127126996405423,1,0.7081448020180687,1,0.260617604944855
ABV/20230321-UltimateAutomizerSvcomp2023/test_mutex_unbounded-2.i_43.smt2,0,0.26403522910550237,0,1201.7185270400369,0,1201.7652011590544
ABV/20230321-UltimateAutomizerSvcomp2023/sll_to_dll_rev-2.i_33.smt2,0,0.24817057908512652,1,0.5932264369912446,1,0.24960017087869346
ABV/20230321-UltimateAutomizerSvcomp2023/memleaks_test18_3.i_58.smt2,1,0.2666361031588167,0,0.5198199580190703,0,80.34325405000709
ABV/20230321-UltimateAutomizerSvcomp2023/dll2c_prepend_equal.i_6.smt2,0,0.22000510897487402,0,0.5012747289729305,1,0.25164286396466196
ABV/20230321-UltimateAutomizerSvcomp2023/sll2n_append_equal.i_19.smt2,1,0.22991203796118498,1,0.5071266139857471,1,0.22151539498008788
ABV/20230321-UltimateAutomizerSvcomp2023/test_mutex_unbounded-2.i_69.smt2,0,0.24530734308063984,0,1201.7404916090309,0,1201.738019558834
ABV/20230321-UltimateAutomizerSvcomp2023/test-memleak_nexttime.i_548.smt2,0,0.25401243893429637,0,0.4925826989929192,0,4.393820286961272
ABV/20230321-UltimateAutomizerSvcomp2023/simple-ext_1.i_2.smt2,0,0.2697257259860635,0,0.4615191250341013,0,80.2878308899235
ABV/20230321-UltimateAutomizerSvcomp2023/sll_nondet_insert-1.i_9.smt2,0,0.2678697779774666,0,1201.743994117016,0,80.75478130578995
ABV/20230321-UltimateAutomizerSvcomp2023/sll2c_prepend_unequal.i_42.smt2,0,0.2179090199060738,1,0.6186676890356466,1,0.2674330130685121
ABV/20230321-UltimateAutomizerSvcomp2023/dll_of_dll-2.i_82.smt2,0,0.22928426903672516,0,0.8482780559570529,0,14.547910423018038
ABV/20230321-UltimateAutomizerSvcomp2023/dll2n_update_all.i_25.smt2,0,0.2500560078769922,0,0.5270522520295344,0,41.33386140502989
ABV/20230321-UltimateAutomizerSvcomp2023/simple_search_value-1.i_70.smt2,0,0.24791077082045376,0,1202.74506740598,0,27.43528008996509
ABV/20230321-UltimateAutomizerSvcomp2023/sll2c_prepend_unequal.i_26.smt2,1,0.21763940807431936,0,0.6804514660034329,0,1201.736625652993
ABV/20230321-UltimateAutomizerSvcomp2023/list_flag-2.i_21.smt2,0,0.22436258592642844,0,0.47942072700243443,1,0.23725657491013408
ABV/20230321-UltimateAutomizerSvcomp2023/simple_built_from_end.i_9.smt2,0,0.2900868458673358,0,0.6618646770366468,0,80.36174707114697
ABV/20190429-UltimateAutomizerSvcomp2019/cs_time_var_mutex_true-unreach-call.i_1.smt2,0,0.23384669818915427,0,0.6649937219917774,0,82.62616884405725
ABV/20230321-UltimateAutomizerSvcomp2023/simple-ext_1.i_41.smt2,0,0.22842929093167186,0,0.6094535120064393,0,80.35555816092528
ABV/20230321-UltimateAutomizerSvcomp2023/list_and_tree_cnstr-1.i_28.smt2,0,0.24783640401437879,0,0.5948475409531966,0,2.843284406932071
ABV/20230321-UltimateAutomizerSvcomp2023/ex3_forlist.i_505.smt2,0,0.2203485961072147,0,0.5151885889936239,0,1201.7250572019257
ABV/20230321-UltimateAutomizerSvcomp2023/test-memleak_nexttime.i_568.smt2,0,0.258442992111668,1,0.5371776440297253,1,0.23049985989928246
ABV/20230321-UltimateAutomizerSvcomp2023/sll2n_append_equal.i_81.smt2,0,0.2521426558960229,0,0.6273038730141707,0,30.0931349999737
ABV/20230321-UltimateAutomizerSvcomp2023/ex3_forlist.i_102.smt2,0,0.23335013817995787,1,0.5460656139766797,1,7.945727587211877
ABV/20230321-UltimateAutomizerSvcomp2023/20020406-1.i_5.smt2,0,1201.2559529929422,0,0.544966702000238,0,80.30386526789516
ABV/20230321-UltimateAutomizerSvcomp2023/test-memleak_nexttime.i_136.smt2,0,0.24092666804790497,0,0.5049167880206369,0,80.47826935211197
ABV/20230321-UltimateAutomizerSvcomp2023/dll2n_insert_equal.i_10.smt2,0,0.22457904205657542,0,0.800101596978493,0,1201.7135042720474
ABV/20230321-UltimateAutomizerSvcomp2023/dll2c_insert_unequal.i_1.smt2,0,0.2527929781936109,0,0.5011034330236726,0,80.43139517004602
ABV/20190429-UltimateAutomizerSvcomp2019/sll-rb-sentinel_false-unreach-call_false-valid-memcleanup.i_6.smt2,0,0.24449471500702202,0,1201.741266063007,0,1201.7183232479729
ABV/20230321-UltimateAutomizerSvcomp2023/simple_search_value-2.i_82.smt2,0,0.248866509180516,0,462.2909255810082,1,0.25439859298057854
ABV/20230321-UltimateAutomizerSvcomp2023/sll_to_dll_rev-2.i_102.smt2,0,0.24630743195302784,0,0.6800249820225872,0,1201.7369268678594
ABV/20230321-UltimateAutomizerSvcomp2023/dll2c_insert_equal.i_9.smt2,0,0.25064345984719694,0,1201.7184094400145,0,1201.7223387320992
ABV/20230321-UltimateAutomizerSvcomp2023/ex3_forlist.i_115.smt2,0,0.21690757106989622,0,0.5527014569961466,0,1201.7141280949581
ABV/20230321-UltimateAutomizerSvcomp2023/memleaks_test4-2.i_2.smt2,1,0.24507736810483038,0,0.516039340000134,1,0.2494245448615402
ABV/20230321-UltimateAutomizerSvcomp2023/dll2c_update_all_reverse.i_14.smt2,0,0.2257661239709705,0,0.5496705070254393,0,80.3146274019964
ABV/20230321-UltimateAutomizerSvcomp2023/test-memleak_nexttime.i_292.smt2,0,0.2366694388911128,0,0.6655167560093105,0,1201.7157971600536
ABV/20190429-UltimateAutomizerSvcomp2019/sep60_true-unreach-call.i_0.smt2,0,0.23992850189097226,0,0.6723023519734852,0,1201.7277301650029
ABV/20230321-UltimateAutomizerSvcomp2023/dll-sorted-2.i_1.smt2,0,0.22383745899423957,0,0.5001668829936534,0,80.33276600576937
ABV/20230321-UltimateAutomizerSvcomp2023/sll-token-2.i_35.smt2,0,0.2705062909517437,0,218.34979598602513,0,1201.7126405860763
ABV/20230321-UltimateAutomizerSvcomp2023/sll2c_insert_unequal.i_67.smt2,0,0.24279484106227756,0,7.480735643999651,0,1201.71491009905
ABV/20230321-UltimateAutomizerSvcomp2023/dll2n_insert_unequal.i_52.smt2,0,0.25375321600586176,0,1202.7452703830204,0,1201.7118338700384
ABV/20230321-UltimateAutomizerSvcomp2023/eureka_05.i_29.smt2,0,0.23151541990227997,0,0.5539784469874576,1,0.6497799200005829
ABV/20230321-UltimateAutomizerSvcomp2023/ex3_forlist.i_429.smt2,0,0.22449762211181223,0,0.5095110209658742,0,1201.7143473390024
ABV/20230321-UltimateAutomizerSvcomp2023/simple_built_from_end.i_13.smt2,0,0.23396591702476144,0,0.5867455989937298,0,80.35999512299895
ABV/20230321-UltimateAutomizerSvcomp2023/dll-token-1.i_10.smt2,0,0.22499080188572407,0,0.9687150579993613,0,1201.7299992020708
ABV/20230321-UltimateAutomizerSvcomp2023/test-memleak_nexttime.i_291.smt2,0,0.22974659595638514,0,0.6496600249665789,0,80.48149969801307
ABV/20230321-UltimateAutomizerSvcomp2023/tree_cnstr.i_1.smt2,1,0.24125011381693184,0,0.44938734296010807,1,0.24100455292500556
ABV/20230321-UltimateAutomizerSvcomp2023/sll_to_dll_rev-1.i_65.smt2,0,0.22921147383749485,0,2.0203102829982527,0,34.508732515154406
ABV/20230321-UltimateAutomizerSvcomp2023/memleaks_test6_2.i_21.smt2,0,0.24391249613836408,0,0.5583239150000736,0,1201.7116617958527
ABV/20230321-UltimateAutomizerSvcomp2023/dll_of_dll-2.i_229.smt2,0,0.2542705680243671,0,0.5822589659946971,1,4.52042317786254
ABV/20230321-UltimateAutomizerSvcomp2023/sll2c_insert_equal.i_100.smt2,0,0.2316500509623438,0,72.40851183398627,1,0.22292577009648085
ABV/20230321-UltimateAutomizerSvcomp2023/dll2c_insert_unequal.i_17.smt2,0,0.23258780501782894,0,1202.7453319530468,0,1201.7163399879355
ABV/20230321-UltimateAutomizerSvcomp2023/sll2c_insert_equal.i_108.smt2,0,0.2230582048650831,0,6.406498980009928,0,1201.7291507818736
ABV/20230321-UltimateAutomizerSvcomp2023/dll-token-1.i_6.smt2,0,0.22875665803439915,0,0.8690301820170134,0,1201.7366477809846
ABV/20230321-UltimateAutomizerSvcomp2023/memleaks_test20-2.i_6.smt2,1,0.22340352600440383,0,0.4775069290190004,1,0.24204516899771988
ABV/20230321-UltimateAutomizerSvcomp2023/test-memleak_nexttime.i_463.smt2,0,0.2531646608840674,0,0.4807887559873052,0,80.35898030688986
ABV/20230321-UltimateAutomizerSvcomp2023/memleaks_test18_3.i_49.smt2,1,0.2558498000726104,0,0.5003155249869451,0,80.33032928593457
ABV/20230321-UltimateAutomizerSvcomp2023/sll2c_insert_equal.i_104.smt2,0,0.22119327005930245,0,6.53793468902586,0,1201.7353332550265
ABV/20230321-UltimateAutomizerSvcomp2023/test-memleak_nexttime.i_226.smt2,0,0.21917709591798484,0,0.5956740830442868,0,1201.7175446790643
ABV/20230321-UltimateAutomizerSvcomp2023/test-memleak_nexttime.i_5.smt2,0,0.3255748711526394,0,0.5245478749857284,0,80.38182868505828
ABV/20230321-UltimateAutomizerSvcomp2023/dll_circular_traversal-2.i_40.smt2,0,1201.3134387498721,0,0.5330322579829954,0,80.33201033715159
ABV/20230321-UltimateAutomizerSvcomp2023/test_mutex_unbounded-2.i_87.smt2,0,0.22178410412743688,0,1201.7206096429727,0,1201.7459224651102
ABV/20230321-UltimateAutomizerSvcomp2023/test-memleak_nexttime.i_501.smt2,0,0.21914157201536,1,0.5364943830063567,1,0.22734836302697659
ABV/20230321-UltimateAutomizerSvcomp2023/dll2n_append_equal.i_9.smt2,0,0.22571655409410596,0,0.5147311899927445,1,0.22774356114678085
ABV/20230321-UltimateAutomizerSvcomp2023/ex3_forlist.i_347.smt2,0,0.2511405241675675,1,0.5542669110000134,1,11.532511773053557
ABV/20230321-UltimateAutomizerSvcomp2023/ex3_forlist.i_141.smt2,0,0.2497216339688748,1,0.567175941017922,1,9.879396900068969
ABV/20230321-UltimateAutomizerSvcomp2023/memleaks_test7-1.i_2.smt2,1,0.21839297516271472,0,0.5248343590064906,1,0.24368383106775582
ABV/20230321-UltimateAutomizerSvcomp2023/test-memleak_nexttime.i_201.smt2,0,0.27096716896630824,0,0.5443755019805394,1,0.2335975719615817
ABV/20230321-UltimateAutomizerSvcomp2023/test-0513.i_19.smt2,1,0.21890140580944717,0,0.45201851398451254,1,0.23982991301454604
ABV/20230321-UltimateAutomizerSvcomp2023/sll2c_insert_equal.i_103.smt2,0,0.2490048639010638,0,183.22651428100653,0,1201.7172120518517
ABV/20230321-UltimateAutomizerSvcomp2023/list_search-2.i_5.smt2,0,0.24405518593266606,0,0.5385825950070284,0,41.92432617908344
ABV/20230321-UltimateAutomizerSvcomp2023/test-memleak_nexttime.i_17.smt2,0,0.24884507106617093,0,0.5846844420302659,1,0.2587492379825562
ABV/20230321-UltimateAutomizerSvcomp2023/dll2c_update_all.i_81.smt2,0,0.22616970515809953,0,0.5516226030304097,0,80.41665695188567
ABV/20230321-UltimateAutomizerSvcomp2023/test-0134.i_7.smt2,0,0.25256439694203436,0,0.5611870249849744,0,80.37113083410077
ABV/20230321-UltimateAutomizerSvcomp2023/memleaks_test1-3.i_1.smt2,1,0.2284099778626114,0,0.5015551439719275,1,0.24118733406066895
ABV/20230321-UltimateAutomizerSvcomp2023/test-memleak_nexttime.i_264.smt2,0,0.24463391420431435,0,0.5359612390166149,0,80.41063904599287
ABV/20230321-UltimateAutomizerSvcomp2023/dancing.i_16.smt2,0,0.22981443698517978,0,1201.7181094639818,1,0.327639281982556
ABV/20230321-UltimateAutomizerSvcomp2023/bubble_sort_linux-2.i_3.smt2,0,0.24104938306845725,0,2.463141768006608,0,1201.717391988961
ABV/20230321-UltimateAutomizerSvcomp2023/sll2n_insert_unequal.i_156.smt2,0,0.22331821313127875,0,117.83917938795639,0,1201.7134961842094
ABV/20230321-UltimateAutomizerSvcomp2023/sll2c_insert_equal.i_176.smt2,0,0.2490796570200473,0,0.5284846260037739,0,80.38949918211438
ABV/20230321-UltimateAutomizerSvcomp2023/sll2n_insert_unequal.i_167.smt2,0,0.23634005710482597,0,14.64555846597068,0,1201.7456984838936
ABV/20230321-UltimateAutomizerSvcomp2023/min_max.i_27.smt2,0,0.2452032391447574,0,0.5117897799937055,0,339.35409774584696
ABV/20230321-UltimateAutomizerSvcomp2023/sll2n_insert_unequal.i_40.smt2,0,0.2420590091496706,0,5.645819226978347,0,80.72756974189542
ABV/20230321-UltimateAutomizerSvcomp2023/test_mutex.i_20.smt2,0,0.23715707892552018,1,106.88663817400811,1,0.28092093183659017
ABV/20230321-UltimateAutomizerSvcomp2023/sll2c_prepend_equal.i_36.smt2,0,0.2187681740615517,0,0.5072013009921648,0,80.49146791105159
ABV/20230321-UltimateAutomizerSvcomp2023/memleaks_test19-1.i_11.smt2,0,0.23155039711855352,0,0.5406773290014826,1,0.23348649102263153
ABV/20230321-UltimateAutomizerSvcomp2023/sll-reverse_simple.i_2.smt2,0,0.24795681005343795,0,0.5505601780023426,1,0.25743191805668175
ABV/20230321-UltimateAutomizerSvcomp2023/ex3_forlist.i_591.smt2,0,0.2329088479746133,1,0.6688489809748717,0,1201.7388976961374
ABV/20230321-UltimateAutomizerSvcomp2023/memleaks_test6.i_23.smt2,0,0.21789582492783666,0,0.59052550396882,0,1201.7123522590846
ABV/20230321-UltimateAutomizerSvcomp2023/ex3_forlist.i_167.smt2,0,0.23760628583841026,1,0.6334284730255604,1,165.0761106039863
ABV/20230321-UltimateAutomizerSvcomp2023/list_flag-2.i_7.smt2,0,0.22170268488116562,0,0.6863926179939881,1,0.34763863892294466
ABV/20230321-UltimateAutomizerSvcomp2023/ex3_forlist.i_407.smt2,0,0.2350177140906453,1,0.5443331209826283,1,5.460580029990524
ABV/20230321-UltimateAutomizerSvcomp2023/dll_extends_pointer.i_1.smt2,1,0.2491346059832722,0,0.45355204498628154,1,0.24260145518928766
ABV/20230321-UltimateAutomizerSvcomp2023/sll2c_insert_equal.i_78.smt2,0,0.22375394706614316,0,5.363736414001323,0,297.12863801489584
ABV/20230321-UltimateAutomizerSvcomp2023/test-0232_1-2.i_5.smt2,0,1201.2908352629747,0,0.5390636199736036,1,7.536270009120926
ABV/20230321-UltimateAutomizerSvcomp2023/dll2n_insert_unequal.i_33.smt2,0,0.22642653109505773,0,1202.7175744110136,0,82.17911052703857
ABV/20230321-UltimateAutomizerSvcomp2023/sep05-2.i_2.smt2,0,0.23691022885031998,0,0.9604080650024116,0,80.57775948685594
ABV/20230321-UltimateAutomizerSvcomp2023/test-memleak_nexttime.i_176.smt2,0,0.3209334521088749,0,0.5685999700217508,0,1201.7211621489841
ABV/20230321-UltimateAutomizerSvcomp2023/test-memleak_nexttime.i_20.smt2,0,0.2752099211793393,0,0.5484522429906065,0,1201.7141635711305
ABV/20230321-UltimateAutomizerSvcomp2023/test-memleak_nexttime.i_457.smt2,0,0.2534496870357543,0,0.5163996379706077,0,80.37114870315418
ABV/20230321-UltimateAutomizerSvcomp2023/test-0134.i_34.smt2,0,0.22908960795029998,0,0.6156446530367248,0,37.0828097560443
ABV/20230321-UltimateAutomizerSvcomp2023/ex3_forlist.i_223.smt2,0,0.22113966709002852,1,0.6061561340466142,1,1.1816905769519508
ABV/20230321-UltimateAutomizerSvcomp2023/bubble_sort_linux-2.i_59.smt2,0,0.2673315431457013,0,1201.7190000329865,0,1201.7138897138648
ABV/20230321-UltimateAutomizerSvcomp2023/dll2n_append_equal.i_67.smt2,0,0.2221941810566932,1,0.6278741899877787,1,0.23945731692947447
ABV/20230321-UltimateAutomizerSvcomp2023/sll2n_prepend_equal.i_5.smt2,0,0.24127318104729056,0,0.6733376680058427,0,20.26017404696904
ABV/20230321-UltimateAutomizerSvcomp2023/memleaks_test13_2.i_27.smt2,0,0.2291734281461686,0,0.5252509870333597,0,80.27764650108293
ABV/20230321-UltimateAutomizerSvcomp2023/test_mutex_unbounded-2.i_93.smt2,0,0.22370955115184188,1,289.42487779801013,0,1201.7550847048406
ABV/20230321-UltimateAutomizerSvcomp2023/sll_circular_traversal-2.i_4.smt2,0,0.22330259392037988,0,0.5342998119886033,0,3.274610934779048
ABV/20230321-UltimateAutomizerSvcomp2023/memleaks_test18_3.i_32.smt2,1,0.23734304984100163,0,0.4858769720303826,0,80.3194908821024
ABV/20230321-UltimateAutomizerSvcomp2023/tree_of_cslls.i_21.smt2,0,0.2935180109925568,0,0.6409756219945848,0,1201.7425651699305
ABV/20230321-UltimateAutomizerSvcomp2023/test-memleak_nexttime.i_179.smt2,0,0.22863533510826528,0,0.5565446919645183,0,0.8679193400312215
ABV/20230321-UltimateAutomizerSvcomp2023/sll_to_dll_rev-2.i_96.smt2,0,0.2460712338797748,1,0.5161847819690593,1,0.2533405111171305
ABV/20230321-UltimateAutomizerSvcomp2023/memleaks_test6.i_29.smt2,1,0.21572334598749876,0,0.46922168499440886,1,0.27189978305250406
ABV/20230321-UltimateAutomizerSvcomp2023/test-memleak_nexttime.i_440.smt2,0,0.22859845403581858,1,0.485559587017633,1,0.2255399317946285
ABV/20230321-UltimateAutomizerSvcomp2023/list-ext_flag.i_20.smt2,0,0.23367927805520594,1,0.801569725968875,1,0.231319943908602
ABV/20230321-UltimateAutomizerSvcomp2023/sll2c_insert_equal.i_15.smt2,0,0.2415846681687981,0,8.19693343603285,0,176.65868709189817
ABV/20230321-UltimateAutomizerSvcomp2023/sll-rb-sentinel-1.i_61.smt2,0,0.22273605805821717,0,3.0222598669934087,0,80.34406148805283
ABV/20230321-UltimateAutomizerSvcomp2023/memleaks_test7-2.i_18.smt2,1,0.22042260807938874,0,0.5153870870126411,1,0.29684591805562377
ABV/20230321-UltimateAutomizerSvcomp2023/list-1.i_34.smt2,0,0.23584258113987744,0,4.936246260011103,1,81.11600134312175
ABV/20230321-UltimateAutomizerSvcomp2023/simple-ext_1.i_36.smt2,0,0.2456161049194634,0,0.6076238389941864,0,80.35677049891092
ABV/20230321-UltimateAutomizerSvcomp2023/sll_to_dll_rev-2.i_39.smt2,0,0.22443638509139419,1,0.5971465890179388,1,0.2500212090089917
ABV/20230321-UltimateAutomizerSvcomp2023/sll-sorted-1.i_6.smt2,1,0.21833185502327979,0,0.4608879989827983,0,43.32574425311759
ABV/20230321-UltimateAutomizerSvcomp2023/calendar.i_8.smt2,0,0.21969096502289176,0,0.5439601370017044,0,80.30731170484796
ABV/20230321-UltimateAutomizerSvcomp2023/memleaks_test9.i_3.smt2,1,0.24022354581393301,0,0.528235338977538,0,80.29154138197191
ABV/20230321-UltimateAutomizerSvcomp2023/test-memleak_nexttime.i_107.smt2,0,0.21893166401423514,0,0.5745967630064115,1,0.25026305904611945
ABV/20230321-UltimateAutomizerSvcomp2023/sll2c_insert_equal.i_154.smt2,0,0.25056004407815635,0,9.21775939402869,0,1201.730960464105
ABV/20230321-UltimateAutomizerSvcomp2023/complex_data_creation_test02-2.i_11.smt2,1,0.2438703910447657,0,0.4984909910126589,0,80.36680054082535
ABV/20230321-UltimateAutomizerSvcomp2023/memleaks_test6_1.i_25.smt2,0,0.24844931298866868,0,0.5059217519592494,0,80.3405198501423
ABV/20230321-UltimateAutomizerSvcomp2023/optional_data_creation_test04-1.i_5.smt2,0,0.23536354186944664,0,0.48932775401044637,0,16.89034565910697
ABV/20230321-UltimateAutomizerSvcomp2023/sll2c_insert_unequal.i_79.smt2,0,0.23283352004364133,0,5.441771034966223,0,341.00566512695514
ABV/20230321-UltimateAutomizerSvcomp2023/dll_of_dll-2.i_260.smt2,0,0.22727451100945473,0,0.5524164240341634,1,0.27360168704763055
ABV/20230321-UltimateAutomizerSvcomp2023/ex3_forlist.i_101.smt2,0,0.2563574858941138,1,0.5423434069962241,1,1.0473974091000855
ABV/20230321-UltimateAutomizerSvcomp2023/list_flag-2.i_1.smt2,0,0.22060616686940193,0,0.49093550501856953,1,0.27202442311681807
ABV/20230321-UltimateAutomizerSvcomp2023/sll2c_insert_unequal.i_121.smt2,0,0.2428139979019761,0,308.99116734595736,0,1201.7419883140828
ABV/20230321-UltimateAutomizerSvcomp2023/test-0521.i_4.smt2,1,0.21754850703291595,0,0.5020601460128091,0,80.35805217013694
ABV/20230321-UltimateAutomizerSvcomp2023/sll_circular_traversal-2.i_9.smt2,0,0.24545127106830478,0,1.3557785000302829,0,1201.7156297520269
ABV/20230321-UltimateAutomizerSvcomp2023/ex3_forlist.i_410.smt2,0,0.2337830278556794,0,0.5820350419962779,1,0.2927260671276599
ABV/20230321-UltimateAutomizerSvcomp2023/test-memleak_nexttime.i_40.smt2,0,0.24514707108028233,0,0.5379160529701039,0,80.37425777781755
ABV/20230321-UltimateAutomizerSvcomp2023/ex3_forlist.i_597.smt2,0,0.2230321941897273,1,0.6019834750331938,1,80.24355522892438
ABV/20230321-UltimateAutomizerSvcomp2023/list_flag-2.i_20.smt2,0,0.2202111359219998,0,0.47282169600657653,1,0.266842087963596
ABV/20230321-UltimateAutomizerSvcomp2023/list-ext_flag_1.i_41.smt2,0,0.22451636008918285,0,0.5698683590162545,0,80.37698168097995
ABV/20230321-UltimateAutomizerSvcomp2023/sll-rb-sentinel-1.i_34.smt2,0,0.2376568701583892,1,0.6939242910011671,1,0.26094716694206
ABV/20230321-UltimateAutomizerSvcomp2023/memleaks_test4-2.i_13.smt2,1,0.2150345160625875,0,0.529358837986365,1,0.36619388684630394
ABV/20230321-UltimateAutomizerSvcomp2023/test_mutex.i_32.smt2,0,0.2440786079969257,1,86.00694489304442,1,0.31797966780140996
ABV/20230321-UltimateAutomizerSvcomp2023/test-0134.i_32.smt2,0,0.23364582192152739,0,0.5003358419635333,0,1.1914940648712218
ABV/20230321-UltimateAutomizerSvcomp2023/list-2.i_32.smt2,0,0.23482026415877044,0,0.5328436529962346,0,80.37093888199888
ABV/20230321-UltimateAutomizerSvcomp2023/test-memleak_nexttime.i_385.smt2,0,0.23449648288078606,0,0.5204656869755127,0,80.48915953794494
ABV/20190429-UltimateAutomizerSvcomp2019/standard_running_true-unreach-call.i_6.smt2,0,1201.240530676907,0,0.563409911992494,0,1201.7248226660304
ABV/20230321-UltimateAutomizerSvcomp2023/ex3_forlist.i_62.smt2,0,0.22002494102343917,1,0.5824013950186782,1,7.876931784208864
ABV/20230321-UltimateAutomizerSvcomp2023/test-memleak_nexttime.i_279.smt2,0,0.23491027601994574,0,0.702829466026742,1,0.2509896280243993
ABV/20230321-UltimateAutomizerSvcomp2023/optional_data_creation_test04-1.i_6.smt2,0,0.2246591120492667,0,0.4918670509941876,0,80.66935579292476
ABV/20230321-UltimateAutomizerSvcomp2023/bubble_sort_linux-2.i_11.smt2,0,0.22167164785787463,0,162.84729647496715,0,1201.7128457771614
ABV/20230321-UltimateAutomizerSvcomp2023/test-memleak_nexttime.i_13.smt2,0,0.3125871270895004,0,0.5210861280211248,0,80.39796807616949
ABV/20190429-UltimateAutomizerSvcomp2019/dll_of_dll_true-unreach-call_true-valid-memsafety.i_9.smt2,0,0.2504393979907036,0,0.5729169340338558,0,1201.7118794929702
ABV/20230321-UltimateAutomizerSvcomp2023/memleaks_test6.i_36.smt2,1,0.21495665097609162,0,0.5190524069475941,1,0.2437959781382233
ABV/20230321-UltimateAutomizerSvcomp2023/sll2n_update_all_reverse.i_4.smt2,0,0.24956089979968965,0,0.522118371038232,1,0.3104631700553
ABV/20230321-UltimateAutomizerSvcomp2023/calendar.i_4.smt2,0,0.2244636018294841,0,0.5601087860413827,0,29.321669282158837
ABV/20230321-UltimateAutomizerSvcomp2023/memleaks_test18_3.i_35.smt2,1,0.24338711705058813,0,0.4680496559594758,0,80.32636743900366
ABV/20230321-UltimateAutomizerSvcomp2023/list_search-1.i_37.smt2,0,0.25550432805903256,0,0.5848117700079456,0,1.1213029599748552
ABV/20230321-UltimateAutomizerSvcomp2023/sll2n_append_equal.i_84.smt2,0,0.25423760106787086,1,0.7098533899988979,1,6.183651614934206
ABV/20230321-UltimateAutomizerSvcomp2023/sll2n_insert_unequal.i_95.smt2,0,0.24534136499278247,1,1.3018422779859975,1,0.22811753302812576
ABV/20230321-UltimateAutomizerSvcomp2023/test-0134.i_10.smt2,0,0.25032338686287403,0,0.5960183420102112,0,0.8384906030260026
ABV/20230321-UltimateAutomizerSvcomp2023/list_and_tree_cnstr-2.i_17.smt2,0,0.22436175891198218,0,0.6653105110162869,0,80.60016276105307
ABV/20230321-UltimateAutomizerSvcomp2023/test_mutex_unbounded-2.i_96.smt2,0,0.22254715207964182,1,417.53656266396865,0,1201.7197067670058
ABV/20230321-UltimateAutomizerSvcomp2023/sll2c_insert_unequal.i_83.smt2,0,0.2546256489586085,0,71.4478794009774,1,0.2202405941206962
ABV/20230321-UltimateAutomizerSvcomp2023/test_mutex_unbounded-2.i_23.smt2,0,0.22745494707487524,0,1201.7178816720261,0,1201.7141704519745
ABV/20230321-UltimateAutomizerSvcomp2023/sll2c_insert_equal.i_76.smt2,0,0.25928002200089395,0,7.280640364973806,0,557.2763219380286
ABV/20230321-UltimateAutomizerSvcomp2023/ex3_forlist.i_130.smt2,0,0.23949601198546588,1,0.6028005509870127,1,164.94239589897916
ABV/20230321-UltimateAutomizerSvcomp2023/sum_array-2-1.i_14.smt2,0,0.24286142480559647,0,0.560659039998427,0,1201.7284350867849
ABV/20230321-UltimateAutomizerSvcomp2023/list_search-2.i_21.smt2,0,0.21786387893371284,0,0.5343777150264941,0,80.42471521301195
ABV/20230321-UltimateAutomizerSvcomp2023/tree_of_cslls.i_5.smt2,0,0.24334657518193126,0,0.5852293560164981,0,80.63860222301446
ABV/20230321-UltimateAutomizerSvcomp2023/sll2n_insert_equal.i_74.smt2,0,0.2411575559526682,0,0.5324769869912416,1,0.26118621206842363
ABV/20230321-UltimateAutomizerSvcomp2023/test-0513_1.i_109.smt2,0,0.23606293415650725,0,0.4840979699511081,0,1201.7317821229808
ABV/20230321-UltimateAutomizerSvcomp2023/simple_search_value-2.i_117.smt2,0,0.2364022999536246,0,1051.0941512540448,0,48.822143658064306
ABV/20230321-UltimateAutomizerSvcomp2023/list-2.i_1.smt2,0,0.2238466590642929,0,0.4667602659901604,1,0.2330394119489938
ABV/20230321-UltimateAutomizerSvcomp2023/sll-token-2.i_29.smt2,0,0.23924997192807496,0,0.5798198099946603,0,80.56483339099213
ABV/20190429-UltimateAutomizerSvcomp2019/dancing_true-unreach-call_false-valid-memtrack.i_0.smt2,0,0.2735560960136354,1,0.812545549008064,1,0.22445965884253383
ABV/20230321-UltimateAutomizerSvcomp2023/test-memleak_nexttime.i_78.smt2,0,0.23535455716773868,0,0.5115597799886018,0,1201.7230741849635
ABV/20230321-UltimateAutomizerSvcomp2023/bubble_sort_linux-2.i_40.smt2,0,0.22520516393706203,0,175.90821898798458,0,1201.7435651959386
ABV/20230321-UltimateAutomizerSvcomp2023/list-ext_1.i_20.smt2,0,0.2553345600608736,0,0.5134093679953367,0,53.3433546340093
ABV/20230321-UltimateAutomizerSvcomp2023/sll_circular_traversal-2.i_11.smt2,0,0.24669844307936728,0,1.2388504829723388,0,1201.7133846338838
ABV/20230321-UltimateAutomizerSvcomp2023/eureka_05.i_98.smt2,0,0.2288987070787698,0,0.5406101429834962,1,0.35404773498885334
ABV/20230321-UltimateAutomizerSvcomp2023/complex_data_creation_test01-1.i_12.smt2,0,0.2591773341409862,0,0.49592062702868134,0,23.174977804068476
ABV/20230321-UltimateAutomizerSvcomp2023/dll_circular_traversal-2.i_14.smt2,0,0.25284536997787654,0,1202.2523438740172,0,83.05379165499471
ABV/20230321-UltimateAutomizerSvcomp2023/list-ext_flag_1.i_87.smt2,0,0.2240184680558741,1,0.8547804469708353,1,0.22206774703226984
ABV/20230321-UltimateAutomizerSvcomp2023/dll_of_dll-2.i_215.smt2,0,0.22789441491477191,1,0.6086850970168598,1,0.22777249896898866
ABV/20230321-UltimateAutomizerSvcomp2023/sll2n_insert_unequal.i_190.smt2,0,0.23727395688183606,0,0.48757559002842754,1,0.26313357590697706
ABV/20230321-UltimateAutomizerSvcomp2023/sll2n_append_equal.i_45.smt2,0,0.25300367805175483,1,0.6577542379964143,1,0.23748724116012454
ABV/20230321-UltimateAutomizerSvcomp2023/memleaks_test12-1.i_8.smt2,0,1201.2222140619997,0,0.5459931319928728,0,80.48087145783938
ABV/20230321-UltimateAutomizerSvcomp2023/packet_filter.i_19.smt2,0,0.2226859729271382,1,0.6375701479846612,1,0.23655761289410293
ABV/20230321-UltimateAutomizerSvcomp2023/test-memleak_nexttime.i_398.smt2,0,0.24887529714033008,0,0.5491201530094258,1,0.23124389699660242
ABV/20230321-UltimateAutomizerSvcomp2023/length_test03-1.i_4.smt2,1,0.25243740691803396,0,0.44251419795909896,0,80.6580763750244
ABV/20230321-UltimateAutomizerSvcomp2023/ex3_forlist.i_224.smt2,0,0.2288183239288628,1,0.5972494200104848,1,1.120234559988603
ABV/20230321-UltimateAutomizerSvcomp2023/sll-rb-sentinel-2.i_51.smt2,1,0.2178026291076094,1,0.5036851350450888,1,0.25678514898754656
ABV/20230321-UltimateAutomizerSvcomp2023/test-0137.i_25.smt2,0,0.24910714197903872,0,0.6058371280087158,1,33.477258405881
ABV/20230321-UltimateAutomizerSvcomp2023/sll-rb-cnstr_1-2.i_5.smt2,0,0.2232253230176866,0,0.5280207159812562,0,80.36642648396082
ABV/20230321-UltimateAutomizerSvcomp2023/sll2n_prepend_equal.i_37.smt2,0,0.22362631908617914,0,30.648360635037534,0,1201.7143022550736
ABV/20230321-UltimateAutomizerSvcomp2023/memleaks_test19-1.i_13.smt2,1,0.22503455402329564,0,0.5565875400207005,1,0.25279784807935357
ABV/20230321-UltimateAutomizerSvcomp2023/list-ext_flag_1.i_44.smt2,0,0.24669675389304757,0,0.6092055409681052,1,80.37190024694428
ABV/20230321-UltimateAutomizerSvcomp2023/ex3_forlist.i_601.smt2,0,0.23086484102532268,1,0.5972103829844855,1,0.22190075414255261
ABV/20230321-UltimateAutomizerSvcomp2023/dll2n_append_equal.i_53.smt2,0,0.23877997510135174,0,0.7085081969853491,1,85.25824422296137
ABV/20230321-UltimateAutomizerSvcomp2023/simple_search_value-1.i_74.smt2,0,0.2227210069540888,0,231.82107525796164,1,0.23261705203913152
ABV/20230321-UltimateAutomizerSvcomp2023/dll2n_append_equal.i_16.smt2,0,0.22386767785064876,0,0.6019319929764606,0,457.1470939880237
ABV/20230321-UltimateAutomizerSvcomp2023/complex_data_creation_test02-2.i_6.smt2,0,0.25379921682178974,0,0.47576931002549827,0,80.90599919599481
ABV/20230321-UltimateAutomizerSvcomp2023/ex3_forlist.i_374.smt2,0,0.23338890098966658,0,0.5626585840363987,0,1201.7376547530293
ABV/20230321-UltimateAutomizerSvcomp2023/bubble_sort_linux-2.i_73.smt2,0,0.21887181303463876,0,185.06904020998627,0,1201.7148751060013
ABV/20230321-UltimateAutomizerSvcomp2023/test-memleak_nexttime.i_263.smt2,0,0.2228801439050585,0,0.604280708997976,0,1201.7147016359959
ABV/20230321-UltimateAutomizerSvcomp2023/sll-token-2.i_21.smt2,0,0.2321649871300906,0,14.475540386978537,0,81.45816064905375
ABV/20230321-UltimateAutomizerSvcomp2023/test_mutex_unbounded-1.i_87.smt2,0,0.24159741587936878,0,1201.721620936005,0,1201.7281171518844
ABV/20230321-UltimateAutomizerSvcomp2023/ex3_forlist.i_146.smt2,0,0.21937687695026398,0,0.503219002042897,0,1201.7439051889814
ABV/20230321-UltimateAutomizerSvcomp2023/sll2n_update_all.i_100.smt2,0,0.22149847610853612,0,0.585204748029355,0,80.40402464894578
ABV/20230321-UltimateAutomizerSvcomp2023/sll2n_prepend_equal.i_45.smt2,0,0.22673783800564706,0,252.0005724679795,0,1201.770285669947
ABV/20190429-UltimateAutomizerSvcomp2019/alternating_list_true-unreach-call_true-valid-memsafety.i_14.smt2,0,0.2872239500284195,0,1201.741973497963,0,380.6875639378559
ABV/20230321-UltimateAutomizerSvcomp2023/dll_of_dll-1.i_63.smt2,0,0.24862783891148865,0,0.6475751169491559,1,0.38454062584787607
ABV/20230321-UltimateAutomizerSvcomp2023/eureka_05.i_88.smt2,0,0.24045063881203532,0,0.46262403996661305,0,0.5083777990657836
ABV/20230321-UltimateAutomizerSvcomp2023/memleaks_test14_3.i_2.smt2,0,0.23585762293078005,0,0.5582941430038773,0,80.40953732305206
ABV/20230321-UltimateAutomizerSvcomp2023/eureka_05.i_54.smt2,0,0.22160337399691343,0,0.5561178040225059,1,0.6327327389735729
ABV/20230321-UltimateAutomizerSvcomp2023/memleaks_test6.i_24.smt2,0,0.2208467039745301,0,0.529052711033728,0,1201.7176755620167
ABV/20230321-UltimateAutomizerSvcomp2023/test-0134.i_14.smt2,0,0.271681321086362,0,0.5483363590319641,0,80.50528178410605
ABV/20230321-UltimateAutomizerSvcomp2023/test-memleak_nexttime.i_202.smt2,0,0.2211918910034001,0,0.5985692249960266,0,80.36685269186273
ABV/20230321-UltimateAutomizerSvcomp2023/ex3_forlist.i_316.smt2,0,0.2441319520585239,0,0.49851075396873057,0,1201.73932048399
ABV/20230321-UltimateAutomizerSvcomp2023/ex3_forlist.i_376.smt2,0,0.24827942391857505,0,0.5047765089548193,1,0.7560348168481141
ABV/20230321-UltimateAutomizerSvcomp2023/sll2n_remove_all.i_5.smt2,0,0.23910984490066767,0,0.5814862970146351,0,285.1468156531919
ABV/20230321-UltimateAutomizerSvcomp2023/memleaks_test6_1.i_11.smt2,0,0.22187456814572215,0,0.5324740079813637,0,1201.713053290965
ABV/20190429-UltimateAutomizerSvcomp2019/dll_of_dll_false-unreach-call_false-valid-memcleanup.i_6.smt2,0,0.2500330680049956,0,0.7292759949923493,0,1201.7176873898134
ABV/20230321-UltimateAutomizerSvcomp2023/sll2c_insert_equal.i_53.smt2,0,0.23001288902014494,0,1.312393345986493,0,81.27665329701267
ABV/20190429-UltimateAutomizerSvcomp2019/standard_running_true-unreach-call.i_3.smt2,0,0.24751444207504392,0,0.5157825209898874,1,0.2785047688521445
ABV/20230321-UltimateAutomizerSvcomp2023/test-0513_1.i_54.smt2,0,0.22501454106532037,0,0.5835597949917428,0,80.35365577111952
ABV/20230321-UltimateAutomizerSvcomp2023/test-memleak_nexttime.i_439.smt2,0,0.2510401881299913,1,0.5222107169684023,1,0.22447120514698327
ABV/20230321-UltimateAutomizerSvcomp2023/dll_of_dll-2.i_230.smt2,0,0.23920108005404472,0,0.6173988709924743,1,0.3025917401537299
ABV/20230321-UltimateAutomizerSvcomp2023/test-memleak_nexttime.i_421.smt2,0,0.23658253299072385,1,0.5220126670319587,1,0.25279180193319917
ABV/20230321-UltimateAutomizerSvcomp2023/test_mutex_unbounded-2.i_74.smt2,0,0.22489844006486237,0,1201.778094000998,0,1201.711629911093
ABV/20230321-UltimateAutomizerSvcomp2023/sll2n_insert_unequal.i_157.smt2,0,0.25805554096587,0,118.23414114001207,0,1201.714750381885
ABV/20230321-UltimateAutomizerSvcomp2023/sll2n_insert_unequal.i_69.smt2,0,0.22800437593832612,0,653.7564595690346,0,1201.7171476541553
ABV/20230321-UltimateAutomizerSvcomp2023/simple_search_value-1.i_46.smt2,0,0.22056628298014402,0,1.127560833003372,0,80.37020486500114
ABV/20230321-UltimateAutomizerSvcomp2023/dll2n_insert_equal.i_1.smt2,0,0.22410228988155723,0,0.5758992439950816,0,1201.7191380101722
ABV/20230321-UltimateAutomizerSvcomp2023/test-memleak_nexttime.i_371.smt2,0,0.24119407404214144,0,0.5020979410037398,0,80.37344940984622
ABV/20230321-UltimateAutomizerSvcomp2023/dll_of_dll-2.i_203.smt2,0,0.217599269002676,0,0.5382807169808075,0,80.32750709401444
ABV/20230321-UltimateAutomizerSvcomp2023/elimination_max_rec.c_4.smt2,0,0.24853468709625304,0,0.4708640149910934,1,0.2759698701556772
ABV/20230321-UltimateAutomizerSvcomp2023/ex3_forlist.i_456.smt2,0,0.21737154386937618,0,0.4996493319631554,0,1201.7137970707845
ABV/20230321-UltimateAutomizerSvcomp2023/ex3_forlist.i_433.smt2,0,0.24937925999984145,0,0.5634931209497154,0,1201.712207293138
ABV/20230321-UltimateAutomizerSvcomp2023/shared_mem1.i_11.smt2,0,0.26048055407591164,0,0.6776566879707389,0,92.02302642911673
ABV/20230321-UltimateAutomizerSvcomp2023/sll2c_prepend_unequal.i_33.smt2,0,0.2448820669669658,0,0.4961233959766105,0,80.45587626588531
ABV/20230321-UltimateAutomizerSvcomp2023/memleaks_test15-2.i_8.smt2,1,0.24318028194829822,0,0.48304898099740967,1,0.2629016819410026
ABV/20230321-UltimateAutomizerSvcomp2023/sll2n_insert_unequal.i_154.smt2,0,0.22147976304404438,0,13.956379882001784,0,1201.7328000920825
ABV/20230321-UltimateAutomizerSvcomp2023/elimination_max.c_8.smt2,0,0.23479655804112554,0,0.5178789990022779,1,5.760712862946093
ABV/20230321-UltimateAutomizerSvcomp2023/dll2c_append_unequal.i_27.smt2,0,0.24884083401411772,0,0.5094051649793983,0,80.35045615793206
ABV/20230321-UltimateAutomizerSvcomp2023/splice-2.i_23.smt2,0,0.22284253989346325,1,0.6915186969563365,1,0.2438635230064392
ABV/20230321-UltimateAutomizerSvcomp2023/sll-sorted-2.i_43.smt2,0,0.2473252231720835,0,0.47601514303823933,0,80.36816120217554
ABV/20230321-UltimateAutomizerSvcomp2023/memleaks_test15-1.i_13.smt2,0,1201.2291930108331,0,0.5592205979628488,0,80.32864565798081
ABV/20230321-UltimateAutomizerSvcomp2023/alternating_list-1.i_25.smt2,0,0.2580125010572374,0,0.49190997501136735,1,0.23728266591206193
ABV/20230321-UltimateAutomizerSvcomp2023/sll2c_insert_unequal.i_45.smt2,0,0.25102675799280405,0,2.5083179930225015,0,1201.7137970800977
ABV/20230321-UltimateAutomizerSvcomp2023/ex3_forlist.i_571.smt2,0,0.2187069959472865,0,0.5739424389903434,1,80.27179711381905
ABV/20190429-UltimateAutomizerSvcomp2019/list_flag_true-unreach-call_false-valid-memtrack.i_4.smt2,0,1201.2590069919825,1,0.5100711400154978,1,0.26908789202570915
ABV/20230321-UltimateAutomizerSvcomp2023/sll2c_insert_equal.i_170.smt2,0,0.25574483582749963,0,298.8427567889448,0,1201.7149093339685
ABV/20230321-UltimateAutomizerSvcomp2023/test-memleak_nexttime.i_368.smt2,0,0.22911971108987927,0,0.5939767230302095,1,0.23541681794449687
ABV/20230321-UltimateAutomizerSvcomp2023/sll2n_insert_unequal.i_238.smt2,0,0.24590621795505285,0,0.6883264110074379,0,35.256203572964296
ABV/20230321-UltimateAutomizerSvcomp2023/complex_data_creation_test02-1.i_6.smt2,0,0.22946456400677562,0,0.4873736570007168,0,81.05850712908432
ABV/20230321-UltimateAutomizerSvcomp2023/simple_search_value-1.i_41.smt2,0,0.2233093110844493,0,313.07743991701864,1,0.2354815669823438
ABV/20230321-UltimateAutomizerSvcomp2023/sll_of_sll_nondet_append-2.i_4.smt2,0,1201.237011034973,0,0.529319911962375,0,80.28515626490116
ABV/20230321-UltimateAutomizerSvcomp2023/test-memleak_nexttime.i_237.smt2,0,0.24243608000688255,0,0.6105838030343875,0,80.45129044307396
ABV/20230321-UltimateAutomizerSvcomp2023/test_mutex_unbounded-1.i_42.smt2,0,0.23622496705502272,0,1201.744096253009,0,1201.7228958348278
ABV/20230321-UltimateAutomizerSvcomp2023/bubble_sort_linux-1.i_8.smt2,0,0.23894373304210603,0,16.391981290013064,0,1201.713432178134
ABV/20230321-UltimateAutomizerSvcomp2023/dll_of_dll-1.i_176.smt2,0,0.22356183012016118,0,0.5105014949804172,1,0.28759289789013565
ABV/20230321-UltimateAutomizerSvcomp2023/simple_search_value-1.i_13.smt2,0,0.24409054196439683,1,0.9223647830076516,1,0.24006244004704058
ABV/20230321-UltimateAutomizerSvcomp2023/test-memleak_nexttime.i_526.smt2,0,0.21976054785773158,0,0.49388886301312596,0,80.39961185003631
ABV/20230321-UltimateAutomizerSvcomp2023/test-memleak_nexttime.i_453.smt2,0,0.23557154298759997,1,0.5673840820090845,1,0.22899721609428525
ABV/20230321-UltimateAutomizerSvcomp2023/simple_search_value-1.i_33.smt2,0,0.22174851992167532,0,16.852893565024715,0,1201.715192098869
ABV/20230321-UltimateAutomizerSvcomp2023/ex3_forlist.i_337.smt2,0,0.24850055389106274,1,0.6211116900085472,1,5.711851380066946
ABV/20230321-UltimateAutomizerSvcomp2023/sll2c_prepend_equal.i_21.smt2,0,0.2190024519804865,0,0.5255944870295934,0,80.49060151306912
ABV/20230321-UltimateAutomizerSvcomp2023/ex3_forlist.i_43.smt2,0,0.22416016715578735,1,0.5852208290016279,1,1.0968430179636925
ABV/20190429-UltimateAutomizerSvcomp2019/alternating_list_true-unreach-call_true-valid-memsafety.i_1.smt2,0,1201.2366020421032,0,0.47446923598181456,0,80.31479899515398
ABV/20230321-UltimateAutomizerSvcomp2023/memleaks_test18_3.i_41.smt2,1,0.22745851101353765,0,0.5413156430004165,0,80.80511178006418
ABV/20230321-UltimateAutomizerSvcomp2023/sll2c_insert_equal.i_25.smt2,0,0.2340657520107925,0,5.789014770009089,0,637.2384921880439
ABV/20230321-UltimateAutomizerSvcomp2023/sll2c_insert_equal.i_139.smt2,0,0.23728314088657498,0,7.117570250004064,0,471.2639228028711
ABV/20230321-UltimateAutomizerSvcomp2023/dll_of_dll-2.i_95.smt2,0,0.23661405802704394,0,0.6562647889950313,1,0.31564964493736625
ABV/20230321-UltimateAutomizerSvcomp2023/test-memleak_nexttime.i_332.smt2,0,0.23317926586605608,0,0.6145177300204523,0,80.51165974698961
ABV/20230321-UltimateAutomizerSvcomp2023/test-memleak_nexttime.i_54.smt2,0,0.22509537590667605,1,0.492076720984187,1,0.26170787191949785
ABV/20230321-UltimateAutomizerSvcomp2023/memleaks_test17_3.i_4.smt2,1,0.2195041379891336,0,0.47964253497775644,1,0.2392448838800192
ABV/20230321-UltimateAutomizerSvcomp2023/test_mutex_unbounded-1.i_21.smt2,0,0.2244140028487891,0,1201.7196481360006,0,1201.7153746178374
ABV/20230321-UltimateAutomizerSvcomp2023/ex3_forlist.i_414.smt2,0,0.2172233711462468,0,0.5168385700089857,0,1201.711198166944
ABV/20230321-UltimateAutomizerSvcomp2023/sll2n_append_equal.i_18.smt2,0,0.27544417092576623,0,0.5408569750143215,1,0.4330980130471289
ABV/20230321-UltimateAutomizerSvcomp2023/list-ext_flag_1.i_4.smt2,0,0.2498627519235015,0,0.7561851309728809,0,80.65883789188229
ABV/20230321-UltimateAutomizerSvcomp2023/list_search-1.i_20.smt2,0,0.21898163994774222,0,0.46683257597032934,0,80.32102527003735
ABV/20230321-UltimateAutomizerSvcomp2023/sll2n_insert_unequal.i_172.smt2,0,0.23588971188291907,0,618.5872762619983,0,1201.7141317140777
ABV/20190429-UltimateAutomizerSvcomp2019/list_flag_true-unreach-call_false-valid-memtrack.i_0.smt2,0,1201.238105236087,1,0.4748628410161473,0,80.28467432688922
ABV/20230321-UltimateAutomizerSvcomp2023/ex3_forlist.i_469.smt2,0,0.21821532305330038,1,0.5738912859815173,1,41.5001182758715
ABV/20230321-UltimateAutomizerSvcomp2023/memleaks_test7-1.i_3.smt2,1,0.2151870911475271,0,0.5005351359723136,0,80.26571797393262
ABV/20230321-UltimateAutomizerSvcomp2023/simple_search_value-1.i_69.smt2,0,0.23725408990867436,0,727.1004957139958,0,29.33809720701538
ABV/20230321-UltimateAutomizerSvcomp2023/sll-optional-1.i_3.smt2,0,0.3698346531018615,0,25.253645624034107,0,1201.7146399510093
ABV/20230321-UltimateAutomizerSvcomp2023/sll-token-2.i_11.smt2,0,0.23307866300456226,0,1.797258717007935,0,82.7029301750008
ABV/20230321-UltimateAutomizerSvcomp2023/simple_search_value-2.i_39.smt2,0,0.22214359510689974,0,1202.7446887989936,1,0.2842519939877093
ABV/20230321-UltimateAutomizerSvcomp2023/list_search-1.i_46.smt2,0,0.23220965988002717,1,0.6924352559726685,1,0.2673624730668962
ABV/20230321-UltimateAutomizerSvcomp2023/sll2c_insert_unequal.i_25.smt2,0,0.23372813710011542,0,14.650012462050654,1,0.27637378708459437
ABV/20230321-UltimateAutomizerSvcomp2023/test-memleak_nexttime.i_545.smt2,0,0.2544976039789617,0,0.539493866963312,0,1201.7374007769395
ABV/20230321-UltimateAutomizerSvcomp2023/test-memleak_nexttime.i_338.smt2,0,0.24865619302727282,0,0.49112397799035534,0,80.41588491201401
ABV/20230321-UltimateAutomizerSvcomp2023/simple_search_value-1.i_28.smt2,0,0.21988018695265055,0,1201.7766695420141,1,0.2307914870325476
ABV/20230321-UltimateAutomizerSvcomp2023/sll2n_insert_unequal.i_114.smt2,0,0.23566890507936478,1,1.2336397750186734,1,0.23053763597272336
ABV/20230321-UltimateAutomizerSvcomp2023/packet_filter.i_22.smt2,0,0.2241565459407866,1,0.5939494140329771,1,0.23579025198705494
ABV/20230321-UltimateAutomizerSvcomp2023/test_mutex_unbounded-1.i_88.smt2,0,0.2552815570961684,0,1202.2194146949914,0,1201.7159808028955
ABV/20230321-UltimateAutomizerSvcomp2023/test-memleak_nexttime.i_69.smt2,0,0.21999705396592617,1,0.5188269970240071,1,0.23366621881723404
ABV/20230321-UltimateAutomizerSvcomp2023/list-ext_flag.i_9.smt2,0,0.22019888903014362,0,0.6497628510114737,1,0.28807290992699564
ABV/20230321-UltimateAutomizerSvcomp2023/memleaks_test6_1.i_19.smt2,0,0.225547427078709,0,0.4972330390010029,0,1201.7131364049856
ABV/20230321-UltimateAutomizerSvcomp2023/list-1.i_54.smt2,0,0.23478751094080508,0,2.6379320139531046,1,0.3678688229992986
ABV/20230321-UltimateAutomizerSvcomp2023/list_and_tree_cnstr-1.i_18.smt2,1,0.21590317995287478,0,0.453249610029161,0,80.32995575806126
ABV/20230321-UltimateAutomizerSvcomp2023/sll2c_insert_unequal.i_131.smt2,0,0.22531720204278827,0,987.1536637640093,0,1201.718712472124
ABV/20230321-UltimateAutomizerSvcomp2023/dll2n_append_unequal.i_10.smt2,0,0.21889805514365435,0,0.4844884229823947,1,0.22647862695157528
ABV/20230321-UltimateAutomizerSvcomp2023/sll-rb-sentinel-1.i_39.smt2,0,0.25228257896378636,1,0.5669693310046569,1,0.23463540896773338
ABV/20230321-UltimateAutomizerSvcomp2023/list-ext_flag_1.i_126.smt2,0,0.24457313609309494,0,0.5906836179783568,0,80.38246031105518
ABV/20230321-UltimateAutomizerSvcomp2023/list-2.i_19.smt2,0,0.23823607503436506,0,0.5237583899870515,0,5.0847711828537285
ABV/20230321-UltimateAutomizerSvcomp2023/test-memleak_nexttime.i_271.smt2,0,0.31817644787952304,0,0.6090877979877405,1,0.23990754899568856
ABV/20230321-UltimateAutomizerSvcomp2023/test-memleak_nexttime.i_240.smt2,0,0.22395775001496077,0,0.6480579379713163,0,80.4240086961072
ABV/20190429-UltimateAutomizerSvcomp2019/list-ext_flag_false-unreach-call_false-valid-deref.i_7.smt2,0,1201.2250910259318,1,0.49440043000504375,0,80.2755276330281
ABV/20230321-UltimateAutomizerSvcomp2023/test-memleak_nexttime.i_114.smt2,0,0.3081531811039895,0,0.5332799530006014,0,80.38469982892275
ABV/20230321-UltimateAutomizerSvcomp2023/test_mutex_unbounded-2.i_0.smt2,0,0.24044439988210797,0,1201.7396428000065,0,1201.7168907579035
ABV/20230321-UltimateAutomizerSvcomp2023/test-memleak_nexttime.i_490.smt2,0,0.23028670600615442,0,0.524573843984399,0,80.38882115506567
ABV/20230321-UltimateAutomizerSvcomp2023/memleaks_test6_2.i_20.smt2,0,0.22296733898110688,0,0.5068370130029507,0,80.40929604298435
ABV/20230321-UltimateAutomizerSvcomp2023/memleaks_test8.i_3.smt2,1,0.2362947310321033,0,0.5271911320160143,0,80.26255018217489
ABV/20230321-UltimateAutomizerSvcomp2023/ex3_forlist.i_99.smt2,0,0.26982349692843854,1,0.5562156530213542,1,1.1434497060254216
ABV/20230321-UltimateAutomizerSvcomp2023/list_flag-2.i_29.smt2,0,0.26040948391892016,0,0.5626234990195371,0,80.49059045314789
ABV/20230321-UltimateAutomizerSvcomp2023/dll_of_dll-2.i_255.smt2,0,0.22290449286811054,0,0.4929426040034741,1,0.44411475700326264
ABV/20230321-UltimateAutomizerSvcomp2023/list_search-1.i_13.smt2,0,0.2533746249973774,1,0.6831866769935004,1,0.23014909401535988
ABV/20230321-UltimateAutomizerSvcomp2023/ex3_forlist.i_171.smt2,0,0.24385549500584602,1,0.5410483400337398,1,1.1890311990864575
ABV/20230321-UltimateAutomizerSvcomp2023/ex3_forlist.i_526.smt2,0,0.21937491418793797,0,0.48129034898011014,0,1201.740361417178
ABV/20230321-UltimateAutomizerSvcomp2023/ex3_forlist.i_47.smt2,0,0.23446549801155925,0,0.5403621629811823,0,1201.7152577419765
ABV/20230321-UltimateAutomizerSvcomp2023/test-memleak_nexttime.i_266.smt2,0,0.22537302784621716,0,0.6422664449783042,0,1201.7147757380735
ABV/20230321-UltimateAutomizerSvcomp2023/memleaks_test14_3.i_5.smt2,0,0.22759883105754852,0,0.6026551270042546,0,82.43617514404468
ABV/20230321-UltimateAutomizerSvcomp2023/bubble_sort_linux-2.i_104.smt2,0,0.22439655289053917,0,0.776314546004869,0,1201.722102724947
ABV/20230321-UltimateAutomizerSvcomp2023/sll2c_prepend_equal.i_6.smt2,0,0.23352598398923874,0,0.4781583989970386,1,0.22768807807005942
ABV/20230321-UltimateAutomizerSvcomp2023/sll2c_insert_equal.i_44.smt2,0,0.2231779689900577,0,31.291333539003972,0,1201.7155076439958
ABV/20230321-UltimateAutomizerSvcomp2023/test_mutex_unbounded-1.i_82.smt2,0,0.23338886792771518,0,1201.718839715002,0,1201.7157748769969
ABV/20230321-UltimateAutomizerSvcomp2023/test-memleak_nexttime.i_24.smt2,0,0.22666313382796943,0,0.5957798580056988,0,80.42087777191773
ABV/20230321-UltimateAutomizerSvcomp2023/list-ext_flag.i_85.smt2,0,0.22261991095729172,1,0.5477024359861389,1,0.22873091604560614
ABV/20230321-UltimateAutomizerSvcomp2023/list-ext_flag.i_101.smt2,0,0.2440420479979366,0,1.0911457449547015,0,80.53239700803533
ABV/20230321-UltimateAutomizerSvcomp2023/sll2c_prepend_equal.i_54.smt2,0,0.26704079401679337,0,1201.7206608030247,0,1201.712418620009
ABV/20230321-UltimateAutomizerSvcomp2023/sll-reverse_simple.i_3.smt2,0,0.24465051689185202,0,0.4950214760028757,1,0.2533872888889164
ABV/20230321-UltimateAutomizerSvcomp2023/dll_of_dll-1.i_39.smt2,0,0.22568873316049576,0,0.6648842340218835,1,0.33399699511937797
ABV/20230321-UltimateAutomizerSvcomp2023/packet_filter.i_29.smt2,0,0.23388880491256714,0,3.9491854429943487,1,0.26808648905716836
ABV/20230321-UltimateAutomizerSvcomp2023/memleaks_test13_2.i_32.smt2,0,0.2166375070810318,0,0.5208099029841833,0,80.27841327199712
ABV/20230321-UltimateAutomizerSvcomp2023/test-memleak_nexttime.i_386.smt2,0,0.23624608688987792,0,0.6055789880338125,0,1201.7124620468821
ABV/20230321-UltimateAutomizerSvcomp2023/test_mutex_unbounded-1.i_47.smt2,0,0.23710539704188704,1,0.9810815039672889,1,0.2665064830798656
ABV/20230321-UltimateAutomizerSvcomp2023/sll2n_append_unequal.i_1.smt2,0,0.2188181399833411,0,0.47800875903340057,1,0.34509710618294775
ABV/20230321-UltimateAutomizerSvcomp2023/alternating_list-1.i_17.smt2,0,0.22111450787633657,1,0.49849507299950346,1,0.22494319104589522
ABV/20230321-UltimateAutomizerSvcomp2023/sll2n_append_equal.i_46.smt2,0,0.225435895845294,0,0.6362248460063711,0,302.2649628429208
ABV/20230321-UltimateAutomizerSvcomp2023/sll-token-2.i_34.smt2,0,0.2618601198773831,0,7.965749494964257,0,80.71893041115254
ABV/20230321-UltimateAutomizerSvcomp2023/tree_of_cslls.i_12.smt2,0,0.2692501759156585,0,0.7256936560152099,0,306.6543057691306
ABV/20230321-UltimateAutomizerSvcomp2023/test-memleak_nexttime.i_276.smt2,0,0.2542877639643848,0,0.6176139120361768,1,0.24091529403813183
ABV/20230321-UltimateAutomizerSvcomp2023/sll2n_insert_equal.i_63.smt2,0,0.22318324190564454,0,25.828051733027678,0,84.20769691606984
ABV/20230321-UltimateAutomizerSvcomp2023/dll2n_append_equal.i_70.smt2,0,0.2319323669653386,1,0.6515343000064604,1,0.2531520309858024
ABV/20230321-UltimateAutomizerSvcomp2023/simple_search_value-2.i_14.smt2,0,0.22120114788413048,0,0.7682242400478572,0,80.34838564996608
ABV/20230321-UltimateAutomizerSvcomp2023/memleaks_test13.i_30.smt2,0,0.22353478521108627,0,0.5183852929621935,0,80.31601037201472
ABV/20230321-UltimateAutomizerSvcomp2023/dll2n_append_unequal.i_33.smt2,0,0.26219879393465817,0,0.4793980910326354,0,80.38215005397797
ABV/20230321-UltimateAutomizerSvcomp2023/sll2n_insert_equal.i_34.smt2,0,0.22041143011301756,0,0.7710753629799001,0,20.070428946055472
ABV/20230321-UltimateAutomizerSvcomp2023/complex_data_creation_test01-1.i_0.smt2,0,0.23305666982196271,0,0.4773674719617702,0,80.27715116902255
ABV/20230321-UltimateAutomizerSvcomp2023/test-memleak_nexttime.i_286.smt2,0,0.23595568584278226,0,0.7306849149754271,0,1201.7397012650035
ABV/20230321-UltimateAutomizerSvcomp2023/memleaks_test13.i_24.smt2,0,0.25545128784142435,0,0.49897403502836823,0,80.27807330409996
ABV/20230321-UltimateAutomizerSvcomp2023/memleaks_test5.i_1.smt2,1,0.24188207695260644,0,0.4870174960233271,1,0.2488988470286131
ABV/20230321-UltimateAutomizerSvcomp2023/test_add-2.i_10.smt2,0,0.2239436360541731,0,1202.2204703369644,1,0.27809925004839897
ABV/20230321-UltimateAutomizerSvcomp2023/ex3_forlist.i_489.smt2,0,0.2929367769975215,1,0.5834994580363855,1,3.3937114260625094
ABV/20230321-UltimateAutomizerSvcomp2023/test-0134.i_9.smt2,0,0.23863517818972468,0,0.6014680149964988,0,80.45290387002751
ABV/20230321-UltimateAutomizerSvcomp2023/ex3_forlist.i_31.smt2,0,0.24586308491416276,0,0.5970886839786544,0,1201.7479617451318
ABV/20230321-UltimateAutomizerSvcomp2023/test_mutex_unbounded-2.i_35.smt2,0,0.23952130693942308,0,1201.7178835240193,0,1201.767748817103
ABV/20230321-UltimateAutomizerSvcomp2023/ex3_forlist.i_268.smt2,0,0.21717191487550735,0,0.5334889060468413,0,1201.714603598928
ABV/20230321-UltimateAutomizerSvcomp2023/dll2n_insert_equal.i_6.smt2,0,0.218444867990911,0,0.9036491489969194,0,1201.7187025311869
ABV/20230321-UltimateAutomizerSvcomp2023/list-ext_flag.i_48.smt2,1,0.22480515390634537,1,0.60066947696032,1,0.23387501295655966
ABV/20230321-UltimateAutomizerSvcomp2023/ex3_forlist.i_596.smt2,0,0.22083357092924416,1,0.623884866014123,0,1201.7138532320969
ABV/20230321-UltimateAutomizerSvcomp2023/memleaks_test9.i_1.smt2,1,0.24539630697108805,0,0.48546279198490083,1,0.24376089102588594
ABV/20230321-UltimateAutomizerSvcomp2023/sll2n_insert_unequal.i_151.smt2,0,0.22538475692272186,0,12.945866451016627,0,1201.7165101948194
ABV/20230321-UltimateAutomizerSvcomp2023/ex3_forlist.i_151.smt2,0,0.2744841850362718,0,0.5506067700334825,0,1201.7315781130455
ABV/20230321-UltimateAutomizerSvcomp2023/list_search-1.i_47.smt2,0,0.21968478406779468,1,0.6134213570039719,1,0.23462607595138252
ABV/20230321-UltimateAutomizerSvcomp2023/elimination_max.c_9.smt2,0,0.2619183699134737,0,0.5448905210359953,1,0.22360036196187139
ABV/20230321-UltimateAutomizerSvcomp2023/sll2n_insert_unequal.i_128.smt2,0,0.2336083131376654,0,20.33336083503673,0,80.51056493399665
ABV/20230321-UltimateAutomizerSvcomp2023/dll2c_insert_equal.i_29.smt2,0,0.23981878394261003,0,1201.7372901389608,0,1201.7134627869818
ABV/20230321-UltimateAutomizerSvcomp2023/ex3_forlist.i_80.smt2,0,0.22501363093033433,1,0.5883343180175871,1,8.392766213975847
ABV/20230321-UltimateAutomizerSvcomp2023/sll-simple-white-blue-1.i_19.smt2,0,0.2673979119863361,0,0.7009016509982757,1,0.6740651929285377
ABV/20230321-UltimateAutomizerSvcomp2023/ex3_forlist.i_138.smt2,0,0.22396314283832908,1,0.5572897130041383,1,1.3054209151305258
ABV/20230321-UltimateAutomizerSvcomp2023/sll_circular_traversal-1.i_3.smt2,0,0.22734736697748303,0,0.49547411600360647,0,80.49159719096497
ABV/20230321-UltimateAutomizerSvcomp2023/tree_of_cslls.i_11.smt2,0,0.22760797408409417,0,0.5540065160021186,0,1201.719360302901
ABV/20230321-UltimateAutomizerSvcomp2023/list_search-2.i_15.smt2,0,0.2801328939385712,0,0.5052635730244219,0,80.39895576494746
ABV/20230321-UltimateAutomizerSvcomp2023/memleaks_test1-3.i_0.smt2,1,0.21613932284526527,0,0.49058323801727965,1,0.24026934197172523
ABV/20230321-UltimateAutomizerSvcomp2023/ex3_forlist.i_21.smt2,0,0.26480053598061204,0,0.573392967984546,1,0.24311972502619028
ABV/20230321-UltimateAutomizerSvcomp2023/dll2c_update_all.i_82.smt2,0,0.2263496839441359,0,0.6035078430431895,0,80.34290583687834
ABV/20230321-UltimateAutomizerSvcomp2023/memleaks_test14_3.i_9.smt2,0,0.22241488890722394,0,0.5406997990212403,0,81.7272952189669
ABV/20190429-UltimateAutomizerSvcomp2019/dancing_true-unreach-call_false-valid-memtrack.i_7.smt2,0,0.2285012830980122,0,1202.7191890890244,0,80.99237971496768
ABV/20230321-UltimateAutomizerSvcomp2023/tree_of_cslls.i_16.smt2,0,0.232016758993268,0,1.0061259429785423,0,234.85350241302513
ABV/20230321-UltimateAutomizerSvcomp2023/lcp.c_0.smt2,1,0.22261272510513663,1,0.6887542339973152,1,0.2358358760830015
ABV/20230321-UltimateAutomizerSvcomp2023/test-memleak_nexttime.i_173.smt2,0,0.22339272708632052,0,0.6652097079786472,0,1201.7153102280572
ABV/20230321-UltimateAutomizerSvcomp2023/sll2n_update_all_reverse.i_127.smt2,0,0.2494811611250043,0,0.6279430899885483,1,0.24923876207321882
ABV/20230321-UltimateAutomizerSvcomp2023/ex3_forlist.i_272.smt2,0,0.2533370859455317,0,0.5196278949733824,0,164.5663472339511
ABV/20230321-UltimateAutomizerSvcomp2023/sll2c_insert_unequal.i_125.smt2,0,0.23673926782794297,0,64.86565254599554,0,1201.7152595489752
ABV/20230321-UltimateAutomizerSvcomp2023/simple-ext_1.i_30.smt2,0,0.22265806887298822,0,0.5746344010112807,0,0.9135143880266696
ABV/20230321-UltimateAutomizerSvcomp2023/complex_data_creation_test01-1.i_9.smt2,0,0.2286877161823213,0,0.5249587090220302,0,119.2713941060938
ABV/20230321-UltimateAutomizerSvcomp2023/list-ext_flag.i_5.smt2,0,1201.2687694311608,0,0.4913343829684891,0,80.33093929616734
ABV/20230321-UltimateAutomizerSvcomp2023/split_list_test05-1.i_23.smt2,0,0.2177152819931507,0,0.6552310510305688,0,80.47155643301085
ABV/20230321-UltimateAutomizerSvcomp2023/sll_to_dll_rev-2.i_69.smt2,0,0.2607255098409951,0,0.936015409999527,1,7.743731467984617
ABV/20230321-UltimateAutomizerSvcomp2023/test-memleak_nexttime.i_397.smt2,0,0.22392499702982605,0,0.5472430210211314,0,80.40561511507258
ABV/20230321-UltimateAutomizerSvcomp2023/sll2c_insert_equal.i_0.smt2,0,0.2278577380347997,0,0.5244220540043898,0,80.46997680305503
ABV/20230321-UltimateAutomizerSvcomp2023/ex3_forlist.i_170.smt2,0,0.23123268107883632,1,0.6123484999989159,1,1.5151205330621451
ABV/20230321-UltimateAutomizerSvcomp2023/sll2n_insert_unequal.i_101.smt2,0,0.2671618419699371,0,39.41891593800392,0,80.45698756491765
ABV/20230321-UltimateAutomizerSvcomp2023/test-memleak_nexttime.i_219.smt2,0,0.22540673590265214,0,0.6986371289822273,1,0.25450751814059913
ABV/20230321-UltimateAutomizerSvcomp2023/dll2n_update_all.i_16.smt2,0,0.22036204999312758,0,0.4760743810329586,0,1.3099501400720328
ABV/20230321-UltimateAutomizerSvcomp2023/sll2n_insert_equal.i_39.smt2,0,0.23041148716583848,0,1.0926208929740824,0,71.40551073593087
ABV/20230321-UltimateAutomizerSvcomp2023/dll_of_dll-1.i_32.smt2,0,0.23060081689618528,0,0.6495011390070431,1,0.606575045036152
ABV/20230321-UltimateAutomizerSvcomp2023/test-memleak_nexttime.i_135.smt2,0,0.2287378180772066,0,0.5011662069591694,0,80.40998772904277
ABV/20230321-UltimateAutomizerSvcomp2023/test-memleak_nexttime.i_393.smt2,0,0.24903335608541965,0,0.5100609019864351,1,0.23148020613007247
ABV/20230321-UltimateAutomizerSvcomp2023/test-0134.i_27.smt2,0,0.2292161318473518,0,0.5737562460126355,0,80.96161718596704
ABV/20230321-UltimateAutomizerSvcomp2023/dll_of_dll-2.i_251.smt2,0,0.26840689685195684,0,0.5807416699826717,0,381.2260898288805
ABV/20230321-UltimateAutomizerSvcomp2023/test-0232_1-2.i_4.smt2,0,1201.255094879074,0,0.5591762090334669,1,1.3288405479397625
ABV/20230321-UltimateAutomizerSvcomp2023/ex3_forlist.i_313.smt2,0,0.2249012899119407,1,0.5544353569857776,1,1.9402624170761555
ABV/20230321-UltimateAutomizerSvcomp2023/sll2n_update_all.i_50.smt2,0,0.2223913308698684,0,0.5733302839798853,1,0.3013691420201212
ABV/20230321-UltimateAutomizerSvcomp2023/ex3_forlist.i_213.smt2,0,0.2168951581697911,1,0.622180780977942,1,1.2429669050034136
ABV/20230321-UltimateAutomizerSvcomp2023/dll-queue-1.i_4.smt2,0,0.23143444187007844,0,0.6320262409863062,0,80.7615777971223
ABV/20230321-UltimateAutomizerSvcomp2023/ex3_forlist.i_586.smt2,0,0.24919090582989156,1,0.6570588100003079,0,1201.7165365170222
ABV/20230321-UltimateAutomizerSvcomp2023/bubble_sort_linux-2.i_26.smt2,0,0.24949831794947386,0,97.04368565004552,0,1201.723967940081
ABV/20230321-UltimateAutomizerSvcomp2023/sll2n_insert_unequal.i_133.smt2,0,0.21986973518505692,0,6.522994080965873,0,80.72994777094573
ABV/20230321-UltimateAutomizerSvcomp2023/test_mutex_unbounded-1.i_93.smt2,0,0.23823760100640357,0,1201.7422527290182,0,1201.71801434597
ABV/20230321-UltimateAutomizerSvcomp2023/ex3_forlist.i_278.smt2,0,0.22380702709779143,0,0.67381489102263,0,1201.7202731480356
ABV/20230321-UltimateAutomizerSvcomp2023/simple-ext_1.i_10.smt2,0,0.25265496294014156,1,0.668614502006676,1,0.22776699205860496
ABV/20230321-UltimateAutomizerSvcomp2023/test_mutex.i_36.smt2,0,0.2524025388993323,0,1201.7505175749538,1,0.3456393959932029
ABV/20230321-UltimateAutomizerSvcomp2023/memleaks_test23_3.i_4.smt2,1,0.22202412108890712,0,0.5021070080110803,1,0.25914727011695504
ABV/20230321-UltimateAutomizerSvcomp2023/sll2n_append_equal.i_48.smt2,0,0.24258706299588084,0,0.6483891279785894,0,316.93133427388966
ABV/20230321-UltimateAutomizerSvcomp2023/ex3_forlist.i_319.smt2,0,0.22582541406154633,0,0.5758640479762107,0,1201.711786380969
ABV/20230321-UltimateAutomizerSvcomp2023/packet_filter.i_32.smt2,0,0.22295434097759426,0,1.9575668689794838,1,0.2379696830175817
ABV/20230321-UltimateAutomizerSvcomp2023/sll-token-2.i_22.smt2,0,0.23759622988291085,0,1.376939488982316,0,92.03786814096384
ABV/20230321-UltimateAutomizerSvcomp2023/shared_mem1.i_3.smt2,0,0.254894585814327,0,0.6217537309858017,0,1201.7398056630045
ABV/20230321-UltimateAutomizerSvcomp2023/simple-ext_1.i_4.smt2,0,0.21878322516568005,0,0.46857815503608435,0,80.28119486686774
ABV/20230321-UltimateAutomizerSvcomp2023/test_mutex_unbounded-2.i_22.smt2,0,0.24792042700573802,0,1201.722410399001,0,1201.715316313086
ABV/20230321-UltimateAutomizerSvcomp2023/sll2n_insert_unequal.i_56.smt2,0,0.2524312068708241,0,1201.7188710109913,1,0.2849358809180558
ABV/20230321-UltimateAutomizerSvcomp2023/memleaks_test13.i_4.smt2,0,0.21772553701885045,0,0.4928532380145043,0,80.27527693589218
ABV/20230321-UltimateAutomizerSvcomp2023/ex3_forlist.i_127.smt2,0,0.22111290087923408,0,0.5602721539908089,0,91.18298266315833
ABV/20230321-UltimateAutomizerSvcomp2023/list-ext_flag.i_19.smt2,0,0.2186272458638996,0,0.6598340449854732,1,0.38732913695275784
ABV/20230321-UltimateAutomizerSvcomp2023/list-ext_flag.i_27.smt2,0,0.2525269538164139,0,0.9451836249791086,1,0.8325692259240896
ABV/20230321-UltimateAutomizerSvcomp2023/test_mutex_unbounded-1.i_38.smt2,0,0.22095484612509608,0,1201.7474058649968,0,1201.7131218020804
ABV/20230321-UltimateAutomizerSvcomp2023/memleaks_test13.i_63.smt2,0,0.24799433606676757,0,0.5000137999886647,0,1201.714109100867
ABV/20230321-UltimateAutomizerSvcomp2023/sll2c_prepend_equal.i_12.smt2,0,0.2262367238290608,0,0.6038097380078398,0,123.87417496112175
ABV/20230321-UltimateAutomizerSvcomp2023/dll_of_dll-2.i_45.smt2,0,0.2402596538886428,0,0.5269091579830274,1,0.2719819638878107
ABV/20230321-UltimateAutomizerSvcomp2023/ex3_forlist.i_68.smt2,0,0.23964466410689056,0,0.5085827439907007,0,1201.727553068893
ABV/20230321-UltimateAutomizerSvcomp2023/test-memleak_nexttime.i_365.smt2,0,0.22779605910182,0,0.5681395570281893,1,0.23100898694247007
ABV/20230321-UltimateAutomizerSvcomp2023/test-memleak_nexttime.i_532.smt2,0,0.2369311209768057,0,0.5636639030417427,0,1201.7205789659638
ABV/20230321-UltimateAutomizerSvcomp2023/dll2n_insert_unequal.i_35.smt2,0,0.22464463883079588,0,742.776948425977,0,1201.7256153291091
ABV/20230321-UltimateAutomizerSvcomp2023/dll_circular_traversal-2.i_13.smt2,0,0.23312997911125422,0,5.749640232999809,0,1201.714368457906
ABV/20230321-UltimateAutomizerSvcomp2023/sll2c_insert_equal.i_51.smt2,0,0.24070501001551747,0,2.4031460160040297,0,1201.7317918119952
ABV/20230321-UltimateAutomizerSvcomp2023/ex3_forlist.i_580.smt2,0,0.21950122411362827,1,0.6677480659564026,0,1201.7241902849637
ABV/20230321-UltimateAutomizerSvcomp2023/memleaks_test15-2.i_5.smt2,1,0.2623425950296223,0,0.520401320012752,0,80.31956936093047
ABV/20230321-UltimateAutomizerSvcomp2023/complex_data_creation_test01-2.i_1.smt2,0,0.23371974914334714,0,0.4348392550018616,0,3.6549007578287274
ABV/20230321-UltimateAutomizerSvcomp2023/ex3_forlist.i_402.smt2,0,0.22104035504162312,0,0.5453371600015089,1,0.30954788997769356
ABV/20230321-UltimateAutomizerSvcomp2023/test-memleak_nexttime.i_49.smt2,0,0.24832433997653425,0,0.5238597900024615,0,80.42898340220563
ABV/20230321-UltimateAutomizerSvcomp2023/sll2c_insert_equal.i_20.smt2,0,0.22684057685546577,0,5.706378776987549,0,654.280886381166
ABV/20230321-UltimateAutomizerSvcomp2023/sll-rb-sentinel-1.i_52.smt2,0,0.2200431718956679,0,0.5468285189708695,0,80.31726601207629
ABV/20230321-UltimateAutomizerSvcomp2023/test-memleak_nexttime.i_113.smt2,0,0.21770982583984733,0,0.5743717279983684,1,0.2291070749051869
ABV/20230321-UltimateAutomizerSvcomp2023/ex3_forlist.i_284.smt2,0,0.23527446994557977,0,0.5131802700343542,0,1201.7282967912033
ABV/20230321-UltimateAutomizerSvcomp2023/splice-2.i_44.smt2,0,0.2304822439327836,0,0.5740896229981445,0,80.42345102806576
ABV/20230321-UltimateAutomizerSvcomp2023/ex3_forlist.i_122.smt2,0,0.21803163806907833,1,0.592302375996951,1,9.926438313908875
ABV/20230321-UltimateAutomizerSvcomp2023/sll2n_update_all_reverse.i_3.smt2,0,0.24975323281250894,0,0.5770957130007446,1,0.45918841916136444
ABV/20230321-UltimateAutomizerSvcomp2023/list_search-1.i_62.smt2,0,0.2582119449507445,1,0.9139625180396251,1,1.193376304814592
ABV/20230321-UltimateAutomizerSvcomp2023/memleaks_test8.i_1.smt2,1,0.21971407812088728,0,0.46843613497912884,1,0.2398397580254823
ABV/20230321-UltimateAutomizerSvcomp2023/sll2c_insert_unequal.i_1.smt2,0,0.222451311070472,0,0.5216432009474374,0,80.35731063503772
ABV/20230321-UltimateAutomizerSvcomp2023/dll_of_dll-1.i_62.smt2,0,0.24482712103053927,0,0.6637067659758031,1,2.2206464072223753
ABV/20230321-UltimateAutomizerSvcomp2023/memleaks_test18_3.i_13.smt2,1,0.25843703211285174,0,0.5084192749927752,0,1202.2389344419353
