path,OpenSMT,,SMTInterpol,,Yices2,,Z3alpha,,cvc5,
,solved,runtime,solved,runtime,solved,runtime,solved,runtime,solved,runtime
QF_IDL/RTCL/b13_tf_15/ckt_PROP3_tf_15.smt2,1,0.29484385799150914,1,1.3348091020016,1,0.21184095801436342,1,0.2769180749892257,1,0.2394688830099767
QF_IDL/job_shop/jobshop6-2-3-3-2-4-9.smt2,1,0.24828621500637382,1,0.7938026129850186,1,0.21046606899471954,1,0.27586450398666784,1,0.23844582399760839
QF_IDL/asp/WeightBoundedDominatingSet/rand_150_600_1159731678_14.lp.smt2,0,1201.2186954379722,0,1202.7142370989895,0,1201.2514124059817,1,3.1163489520258736,0,1201.7182500110066
QF_IDL/20220214-jobshop-BohanLi/jobshop58-2-29-29-4-4-16.smt2,1,55.2400114479824,0,1201.7434623269946,1,119.09200963698095,0,1201.718543222989,0,1201.7205279619957
QF_IDL/mathsat/fischer/FISCHER9-3-ninc.smt2,1,0.2859091940044891,1,1.398896049009636,1,0.2136583820101805,1,0.2929991749988403,1,0.2818098529969575
QF_IDL/Averest/selection_sort/SelectionSort_live_blmc009.smt2,1,0.7440371720003895,1,9.001325168006588,1,0.2759617179981433,1,0.5256041559914593,1,0.8007245600019814
QF_IDL/job_shop/jobshop36-2-18-18-4-4-12.smt2,1,14.561742328020046,1,480.86477886204375,1,0.4618760110170115,1,3.0694144799781498,1,107.00016243499704
QF_IDL/queens_bench/super_queen/super_queen75-1.smt2,1,233.53574114899675,0,1201.7196166200447,1,0.4001931310049258,1,1.7971941780124325,1,71.50546022699564
QF_IDL/parity/12.800.graph.smt2,1,76.72180924197892,0,1202.2145522279898,1,1.6735211869818158,1,45.1559240600036,1,53.16698270699999
QF_IDL/job_shop/jobshop20-2-10-10-2-4-9.smt2,0,1201.2506238919887,0,1202.2416104300064,0,1201.2217562909937,0,1201.7161628819886,0,1201.7343219610048
QF_IDL/20210312-Bouvier/vlsat3_c77.smt2,0,1201.2289274829964,1,366.02270501398016,1,1044.912059291004,1,659.4887846900092,1,145.9801120829943
QF_IDL/queens_bench/super_queen/super_queen87-1.smt2,1,468.91888141899835,0,1201.7171944429865,1,0.5990707570163067,1,1.371098970004823,1,126.48567211399495
QF_IDL/queens_bench/toroidal_bench/toroidal_queen95-1.smt2,0,1201.2416956890083,0,1201.7193395970098,0,1201.2183870890003,0,1201.7124439839972,0,1201.7334382839908
QF_IDL/job_shop/jobshop58-2-29-29-2-4-12.smt2,1,9.6176151069958,1,133.56715888698818,1,0.8079327550076414,1,0.772855309973238,1,150.7662879989948
QF_IDL/asp/SchurNumbers/15.8.schur.lp.smt2,1,359.9099960639869,0,1201.7195535249775,1,72.40134848700836,1,44.461833498993656,1,233.99245820200304
QF_IDL/asp/GraphColouring/graph-colouring-nodes=125-density=0.1-instance=5.smt2,1,309.29098463099217,1,169.1729790000245,1,7.774696419015527,1,26.427442985004745,1,90.95934965299966
QF_IDL/asp/Fastfood/a9.8.11.asp.smt2,1,2.8891021339804865,0,1202.7189428990241,1,1.5408489710243884,1,0.9402574489940889,1,2.2936334050027654
QF_IDL/20210312-Bouvier/vlsat3_c11.smt2,0,1201.218178968993,1,58.02829743199982,1,181.90477623499464,1,86.70397464701091,0,1201.7118193619972
QF_IDL/parity/06.500.graph.smt2,1,3.9256507259997306,1,239.5839386599837,1,0.9534666050167289,1,5.376706619019387,1,6.632737521009403
QF_IDL/planning/plan-39.cvc.smt2,1,1.2932689330191351,1,24.00295426696539,1,0.4611160180065781,1,0.7013756360101979,1,1.151137334993109
QF_IDL/Averest/selection_sort/SelectionSort_safe_bgmc007.smt2,1,0.24942181902588345,1,1.7907269360148348,1,0.2395564670150634,1,0.3050365620001685,1,0.28067232100875117
QF_IDL/parity/30.800.graph.smt2,1,19.68862953200005,0,1202.7230014230008,1,1.5779276420071255,1,45.08425620701746,1,15.606736007001018
QF_IDL/asp/WeightBoundedDominatingSet/rand_150_600_1159731678_11.lp.smt2,0,1201.2202509260096,0,1202.7215064679622,0,1201.2454742880072,1,6.084882937982911,0,1201.713402467998
QF_IDL/20210312-Bouvier/vlsat3_i31.smt2,0,1201.2187453130027,0,1201.7252465710044,1,225.29169591801474,1,146.8045911680092,0,1201.7168606420018
QF_IDL/Averest/partition/Partition_safe_blmc002.smt2,1,0.2346046330058016,1,1.185983125003986,1,0.24422486199182458,1,0.32937118801055476,1,0.32774321699980646
QF_IDL/asp/TravellingSalesperson/rand_70_300_1155482584_11.lp.smt2,1,366.53555597800005,0,1201.7447597690043,1,2.810886937979376,1,20.194513069989625,1,429.7410794390016
QF_IDL/RTCL/b13_tf_25/ckt_PROP5_tf_25.smt2,1,1.6316894409974338,1,4.723384375975002,1,0.23464042600244284,1,0.3478860100149177,1,0.4729347200045595
QF_IDL/asp/WeightBoundedDominatingSet/rand_150_600_1159731678_17.lp.smt2,0,1201.213901095005,0,1202.770469672978,0,1201.2380788679875,1,915.3237189719803,0,1201.7185715970118
QF_IDL/queens_bench/toroidal_bench/toroidal_queen89-1.smt2,0,1201.240110292987,0,1201.7214550800272,0,1201.2242161910108,0,1201.7161749420047,0,1201.7200831299997
QF_IDL/DTP/DTP_k2_n35_c210_s19.smt2,1,0.2749507089902181,1,1.6428014629636891,1,0.21960079201380722,1,0.2819286029844079,1,0.7143356869928539
QF_IDL/asp/BlockedNQueens/156.48.1960.36.1721262093.dat.smt2,0,1201.222058992018,0,1201.716998999007,1,60.187230159004685,1,52.67439477099106,1,347.4504943799984
QF_IDL/schedulingIDL/tai_20x20_5_mkspan1297.smt2,1,46.57465931301704,0,1201.7416665119817,1,1.4735194859968033,1,4.548566231998848,0,1201.7217092240026
QF_IDL/asp/Sokoban/duthen-990602.77.steps.9.asp.smt2,1,7.563760032993741,1,514.3873206650023,1,0.31093492699437775,1,0.6627217220084276,1,1.8558138969965512
QF_IDL/parity/08.100.graph.smt2,1,0.2662216519966023,1,2.2041367199853994,1,0.2246362910082098,1,0.32579321702360176,1,0.3402529190061614
QF_IDL/Averest/partition/Partition_safe_blmc004.smt2,1,0.2636097630020231,1,1.442720899998676,1,0.22037180699408054,1,0.45549128600396216,1,0.3475147650024155
QF_IDL/20220214-jobshop-BohanLi/jobshop30-4-15-15-4-4-32.smt2,1,32.57850597999641,0,1201.7193307909765,0,1201.2345355159778,0,1201.7127484930097,0,1201.7407782440132
QF_IDL/asp/Hanoi/mgs_towers-hanoi.73_7.smt2,0,1201.220797772985,1,562.8864408999798,1,20.80134557900601,1,35.35503151299781,1,71.04452656800277
QF_IDL/20210312-Bouvier/vlsat3_i45.smt2,0,1201.2211605499906,0,1201.7771198969567,1,233.84883175897994,1,31.585244318994228,0,1201.7185752520018
QF_IDL/mathsat/fischer/FISCHER9-6-ninc.smt2,1,0.5436228250036947,1,3.35611701302696,1,0.2406357370200567,1,0.34919813901069574,1,0.43952794499637093
QF_IDL/asp/HamiltonianPath/gryzzles.26.lp.smt2,1,15.575410433026263,1,10.886868342990056,1,0.7463462819869164,1,1.020466870017117,1,4.341493130006711
QF_IDL/DTP/DTP_k2_n35_c245_s16.smt2,1,0.333499775006203,1,6.396582779008895,1,0.2575429599964991,1,0.3299919900018722,1,0.8933348850114271
QF_IDL/planning/plan-10.cvc.smt2,1,0.23920118699606974,1,1.610754637978971,1,0.25978936700266786,1,0.29663823600276373,1,0.27181061598821543
QF_IDL/parity/02.100.graph.smt2,1,0.2666293009824585,1,1.2932885579648428,1,0.2174257629958447,1,0.3143237339972984,1,0.3341311260010116
QF_IDL/asp/DisjunctiveScheduling/disjunctiveScheduling.in9.smt2,0,1201.2939070800057,0,1202.234111310041,1,16.503799615020398,0,1201.7177628279896,0,1201.7135037709959
QF_IDL/schedulingIDL/tai_20x20_10_mkspan1562.smt2,1,40.844494791992474,0,1201.7184603200294,1,1.46385617001215,1,4.0770356099819764,1,184.83616181499383
QF_IDL/parity/01.700.graph.smt2,1,150.7388802509813,1,1059.5064743909752,1,1.3618440749996807,1,23.62531280197436,1,146.04554032399028
QF_IDL/parity/15.200.graph.smt2,1,0.6906812920060474,1,6.668876375013497,1,0.2877117299940437,1,0.5350520350039005,1,1.6715281500073615
QF_IDL/Averest/sorting_network/SortingNetwork8_live_blmc002.smt2,1,0.2547864420048427,1,1.3655711300089024,1,0.2166682649985887,1,0.3148004229879007,1,0.2778519849962322
QF_IDL/asp/15Puzzle/15-puzzle.init7.smt2,0,1201.690426761008,0,1201.7439424600452,1,118.46536690599169,1,29.395574151014443,0,1119.374645052987
QF_IDL/schedulingIDL/j8_per0_2_mkspan1051.smt2,1,66.39495033799903,1,415.0105288299965,1,10.466812012018636,1,10.585882458020933,1,47.975437618006254
QF_IDL/asp/ConnectedDominatingSet/rand_65_500_1235857888_0_k=5_unsat.gph.smt2,1,48.70013657701202,0,1202.7476753870142,1,20.192966653994517,1,36.287070771009894,1,78.4279369720025
QF_IDL/queens_bench/super_queen/super_queen45-1.smt2,1,28.139291911007604,1,55.714174669992644,1,0.2805348140245769,1,0.40417448300286196,1,8.525193086999934
QF_IDL/sal/bakery/inf-bakery-invalid-7.smt2,1,0.22332848000223748,1,0.6190116479992867,1,0.22154421400045976,1,0.28930527000920847,1,0.26235265099967364
QF_IDL/schedulingIDL/j8_per10_1_mkspan1003.smt2,1,166.9700899229938,0,1201.719323807978,1,65.89565295199282,1,22.90071541198995,1,487.63099809599225
QF_IDL/schedulingIDL/j8_per20_2_mkspan1004.smt2,1,0.8470519589900505,1,10.78201651404379,1,0.23810942299314775,1,0.49429248698288575,1,2.29883244400844
QF_IDL/parity/02.800.graph.smt2,1,6.691264651002712,0,1202.7264783460414,1,1.555856182007119,1,34.092421089007985,1,12.997198532990296
QF_IDL/planning/plan-22.cvc.smt2,1,0.3973939060088014,1,3.4503615620196797,1,0.27379413999733515,1,0.387572119012475,1,0.44606362999184057
QF_IDL/schedulingIDL/tai_15x15_5_mkspan1174.smt2,1,5.991281599999638,1,350.9905971940025,1,0.375776016007876,1,0.7049285669927485,1,48.3544907530013
QF_IDL/20210312-Bouvier/vlsat3_i41.smt2,0,1201.2439666150021,1,245.11269910499686,0,1201.221660354,1,245.2489346640068,0,1201.722605308998
QF_IDL/schedulingIDL/tai_15x15_7_mkspan894.smt2,1,7.314616529998602,0,1201.7206121649942,1,0.539672128012171,1,1.1666625550133176,1,245.814702321004
QF_IDL/queens_bench/super_queen/super_queen40-1.smt2,1,26.9370229789929,1,16.797515538986772,1,0.3003398270229809,1,0.5098389929917175,1,21.00197564100381
QF_IDL/asp/Labyrinth/laby_21_21_18.lp.smt2,0,1201.2897526999877,0,1202.2453956140089,0,1201.2505131970102,0,1201.7223154139938,0,1201.7441270400013
QF_IDL/fuzzy-matrix/Marche_turing_copy.srs_slice-7_constraint-442642.smt2,0,1201.2133705919841,0,1201.7429378000088,0,1201.2361070140032,0,1201.7201083679975,0,1201.7429988570075
QF_IDL/parity/29.800.graph.smt2,1,46.26159364799969,1,870.7649897069787,1,1.5519704729958903,1,46.87605103000533,1,114.04751578900323
QF_IDL/parity/09.200.graph.smt2,1,0.5818638720083982,1,5.71056780096842,1,0.26232486401568167,1,0.5614318670122884,1,1.5103296570014209
QF_IDL/job_shop/jobshop18-2-9-9-2-4-9.smt2,1,1.5327398980007274,1,856.4951538020396,1,1.3924931480141822,1,1.2617451059923042,1,106.27752876799786
QF_IDL/schedulingIDL/j7_per0_1_mkspan1055.smt2,1,3.3335236159909982,1,39.891303902026266,1,0.3144003810011782,1,0.5178864569752477,1,10.022679550995235
QF_IDL/parity/15.800.graph.smt2,1,7.771921270003077,0,1202.7208681820193,1,1.3632410090067424,1,25.63901656100643,1,12.313732736001839
QF_IDL/20210312-Bouvier/vlsat3_i23.smt2,0,1201.2338274180074,1,9.253186499990989,1,188.12503757199738,1,15.651693101011915,0,1201.7365584549989
QF_IDL/Averest/selection_sort/SelectionSort_live_blmc005.smt2,1,0.38217853600508533,1,3.3192175780422986,1,0.2339690680091735,1,0.35859222698491067,1,0.6374503010010812
QF_IDL/20220214-jobshop-BohanLi/jobshop28-2-14-14-2-4-12.smt2,0,1201.2422364130034,0,1201.7509664720274,0,1201.2266921779956,0,1201.7123701279925,0,1201.7246151989966
QF_IDL/Averest/sorting_network/SortingNetwork8_live_blmc005.smt2,1,0.3368640300031984,1,3.835869189002551,1,0.26484211499337107,1,0.3422231639851816,1,0.4304816079966258
QF_IDL/20210312-Bouvier/vlsat3_c15.smt2,0,1201.2650203099765,0,1202.2314880350023,0,1201.2329768360069,1,132.6395492249867,1,79.42305563300033
QF_IDL/asp/Labyrinth/laby_22_22_08.lp.smt2,0,1201.3144284029986,0,1202.2456409859587,1,423.4367075749906,0,1201.715156388993,0,1201.7590969000012
QF_IDL/schedulingIDL/j8_per0_2_mkspan1052.smt2,1,15.85317107400624,1,267.82876118604327,1,2.429333494976163,1,6.430730114021571,1,2.1875081330072135
QF_IDL/20220214-jobshop-BohanLi/jobshop6-2-3-3-2-4-12.smt2,1,0.23459075301070698,1,1.096368005964905,1,0.21428652000031434,1,0.29350840000552125,1,0.27744496800005436
QF_IDL/asp/Solitaire/solitaire-center-time=25.smt2,1,16.601733939998667,0,1202.7206870209775,1,1.4643861060030758,1,6.53059028199641,1,18.934038039995357
QF_IDL/schedulingIDL/j8_per20_2_mkspan1001.smt2,1,1.419668371003354,1,10.51807055901736,1,0.2489486139966175,1,0.43135533097665757,1,2.5816019689955283
QF_IDL/Averest/insertion_sort/InsertionSort_live_bgmc005.smt2,1,0.29678560100728646,1,1.7388451459701173,1,0.22387553099542856,1,0.32796867698198184,1,0.3560754589998396
QF_IDL/mathsat/post_office/PO4-4-PO4.smt2,1,0.7438285009993706,1,3.5429152619908564,1,0.2273059079889208,1,0.3605545320024248,1,0.4745294679887593
QF_IDL/20210312-Bouvier/vlsat3_c13.smt2,0,1201.2151370030042,0,1202.21647720295,0,1201.2196466509777,1,96.63472437302698,1,95.96243456999946
QF_IDL/asp/ConnectedDominatingSet/rand_50_250_1235336870_0_k=8_sat.gph.smt2,1,2.4283943439950235,0,1202.7456132990192,1,1.344637918024091,1,0.551117199996952,1,9.441593108000234
QF_IDL/parity/01.400.graph.smt2,1,2.5731780659989454,1,72.5319868750521,1,0.471607073006453,1,2.516645989002427,1,3.5206438559980597
QF_IDL/DTP/DTP_k2_n35_c175_s13.smt2,1,0.22080415100208484,1,0.9535655329818837,1,0.21185193498968147,1,0.2756056599901058,1,0.2729105190082919
QF_IDL/parity/18.400.graph.smt2,1,3.548356546991272,1,73.93731123302132,1,0.4540799620153848,1,1.9953001700050663,1,3.6858369350084104
QF_IDL/planning/plan-29.cvc.smt2,1,0.7408121460175607,1,6.855795074021444,1,0.2822461519972421,1,0.48730905799311586,1,0.6749980380118359
QF_IDL/mathsat/fischer/FISCHER14-12-ninc.smt2,1,83.10042753600283,0,1201.7451500630123,1,131.2131141019927,1,93.46382308498141,1,153.43837346600776
QF_IDL/asp/WeightBoundedDominatingSet/rand_100_400_1159666138_7.lp.smt2,0,1201.214815586005,0,1202.803439137002,0,1201.2214221689792,1,5.291021051001735,0,1201.7108177830087
QF_IDL/Averest/selection_sort/SelectionSort_safe_bgmc008.smt2,1,0.26552644101320766,1,2.134491279022768,1,0.2341515620064456,1,0.32847633500932716,1,0.36217991200101096
QF_IDL/asp/HamiltonianPath/gryzzles.23.lp.smt2,1,52.52895607500977,1,13.96398991998285,1,0.790551621990744,1,1.089758966001682,1,6.153539065999212
QF_IDL/asp/EdgeMatching/edge-matching-width=8-height=8-colours=11.smt2,1,1110.5313903579954,0,1202.7477746679797,1,13.464384490973316,1,95.35143004599377,1,891.0775865640026
QF_IDL/asp/GraphColouring/graph-colouring-nodes=130-density=0.1-instance=3.smt2,0,1201.2203700039972,0,1201.7471216010163,0,1201.2184582889895,0,1201.721845602995,0,1201.725132652995
QF_IDL/20210312-Bouvier/vlsat3_c01.smt2,0,1201.220166443003,0,1202.7495124969864,1,141.42790834000334,1,9.178984472004231,1,5.714506649004761
QF_IDL/asp/SchurNumbers/20.20.schur.lp.smt2,1,7.372636964006233,1,22.837611655006185,1,0.33647607199964114,1,0.8728754199983086,1,4.495436797995353
QF_IDL/queens_bench/toroidal_bench/toroidal_queen38-1.smt2,0,1201.246679317992,0,1201.745338669978,0,1201.2188202679972,0,1201.7193778209912,0,1201.7166206270049
QF_IDL/asp/Labyrinth/laby_22_22_19.lp.smt2,0,1201.2959241580102,0,1202.2422915609786,1,476.5923226370069,0,1201.7194174820033,0,1201.7377954750118
QF_IDL/schedulingIDL/tai_10x10_7_mkspan624.smt2,1,0.9646240540023427,1,48.93834707303904,1,0.26169273699633777,1,0.3968756179965567,1,5.119800065993331
QF_IDL/asp/WeightBoundedDominatingSet/rand_100_400_1159666138_6.lp.smt2,0,1201.2150469440094,0,1202.718265198986,0,1201.218284410017,1,8.93980438899598,0,1201.7106661350117
QF_IDL/Averest/insertion_sort/InsertionSort_live_blmc000.smt2,1,0.25166906099184416,1,1.2475374130299315,1,0.2385590299963951,1,0.32457610400160775,1,0.3425836859969422
QF_IDL/20220214-jobshop-BohanLi/jobshop44-4-22-22-4-4-32.smt2,1,203.96978122399014,0,1201.7131943689892,0,1201.2208414759953,0,1201.747809936991,0,1201.714692235997
QF_IDL/RTCL/b13_tf_30/ckt_PROP2_tf_30.smt2,1,0.6215489629976219,1,2.1948406110168435,1,0.21526369199273176,1,0.3182468540035188,1,0.2680005290021654
QF_IDL/queens_bench/super_queen/super_queen65-1.smt2,1,171.7143240699952,1,246.08093871199526,1,0.511436781991506,1,0.9946518180076964,1,32.767437291986425
QF_IDL/queens_bench/super_queen/super_queen98-1.smt2,1,539.1645728060103,0,1201.7287702860194,1,0.9736694890016224,1,1.784250652010087,1,261.93258920600056
QF_IDL/queens_bench/super_queen/super_queen35-1.smt2,1,11.995413530996302,1,11.07441843097331,1,0.30744240499916486,1,0.36478793900460005,1,4.855774679992464
QF_IDL/queens_bench/toroidal_bench/toroidal_queen88-1.smt2,0,1201.245383764006,0,1201.7408703519613,0,1201.2231545349932,0,1201.7218785870064,0,1201.7313385150046
QF_IDL/parity/14.800.graph.smt2,1,6.764836713002296,0,1202.75731429999,1,1.1203675170254428,1,6.413946726999711,1,6.714395540999249
QF_IDL/schedulingIDL/tai_15x15_4_mkspan941.smt2,1,6.860899449995486,0,1201.7373880179948,1,0.4917182319913991,1,0.8105432449956425,1,325.3045748699951
QF_IDL/schedulingIDL/j8_per0_1_mkspan1048.smt2,1,132.91407436400186,1,1005.8266028760117,1,19.429178204998607,1,52.79190166297485,1,329.0933319820033
QF_IDL/Averest/insertion_sort/InsertionSort_live_bgmc000.smt2,1,0.22329339501447976,1,0.8393980079563335,1,0.21231086301850155,1,0.2697475739987567,1,0.30842004700389225
QF_IDL/job_shop/jobshop16-2-8-8-4-4-11.smt2,1,44.00441655999748,1,432.43097792501794,1,48.298466825974174,1,21.154854836000595,1,63.0983189260005
QF_IDL/mathsat/fischer/FISCHER8-6-ninc.smt2,1,0.48263350999332033,1,3.6131441699690185,1,0.2382909450097941,1,0.3385499869764317,1,0.355686570997932
QF_IDL/asp/MazeGeneration/maze-generation-width=15-height=15-density=0.01-run=3.smt2,1,2.021675647003576,1,21.9742257350008,1,1.4589888479968067,1,1.6708989090111572,1,1.324584934001905
QF_IDL/asp/GraphColouring/graph-colouring-nodes=145-density=0.1-instance=10.smt2,0,1201.2394773570122,0,1201.7197017819853,0,1201.2176398480078,1,1068.5437930470216,0,1201.7227574689896
QF_IDL/queens_bench/super_queen/super_queen67-1.smt2,1,116.0356976170151,1,185.99420488398755,1,0.5483951110218186,1,0.7065749040048104,1,41.374171824005316
QF_IDL/20210312-Bouvier/vlsat3_i50.smt2,0,1201.263711779,1,267.65373188303784,0,1201.2574543959927,1,455.8517599120096,0,1201.7344879349985
QF_IDL/20220214-jobshop-BohanLi/jobshop24-2-12-12-4-4-16.smt2,1,3.4555656739976257,1,362.9151723840041,1,0.6888708159967791,1,1.098266159009654,1,57.22260647699295
QF_IDL/schedulingIDL/tai_15x15_8_mkspan894.smt2,1,13.125614996999502,0,1201.742797376006,1,0.6051951140107121,1,1.1618890250101686,1,164.8883167890017
QF_IDL/Averest/buble_sort/BubbleSort_safe_bgmc010.smt2,1,0.2930614159995457,1,2.1607295089634135,1,0.22288702800869942,1,0.3453768100007437,1,0.3778218860097695
QF_IDL/parity/26.200.graph.smt2,1,0.5002722700010054,1,7.1334034070023336,1,0.255891974986298,1,0.5326117380172946,1,0.7824870240001474
QF_IDL/schedulingIDL/tai_15x15_7_mkspan891.smt2,1,7.867432187005761,0,1201.7549624899984,1,0.5328509489772841,1,1.5864512360130902,1,159.2780962780089
QF_IDL/asp/ConnectedDominatingSet/rand_70_250_1235844252_0_k=10_unsat.gph.smt2,1,259.84938932798104,0,1202.7728408179828,1,291.04365089398925,1,242.0308759159816,0,1201.7142591289885
QF_IDL/20210312-Bouvier/vlsat3_c28.smt2,0,1201.2330112929922,0,1202.2283862839686,0,1201.2414956569846,1,217.34929568701773,1,368.46920816799684
QF_IDL/Averest/selection_sort/SelectionSort_live_blmc004.smt2,1,0.36272724099399056,1,2.364841028000228,1,0.22973769399686716,1,0.340932556980988,1,0.47205703699728474
QF_IDL/Averest/insertion_sort/InsertionSort_live_bgmc008.smt2,1,0.35796736300108023,1,2.3007237580022775,1,0.22489808200043626,1,0.3507900339900516,1,0.47025553398998454
QF_IDL/schedulingIDL/tai_20x20_3_mkspan1276.smt2,1,77.80712815601146,0,1201.7168446839787,1,1.7591173830151092,1,4.4376277920091525,0,1201.717087515004
QF_IDL/Averest/selection_sort/SelectionSort_live_bgmc006.smt2,1,0.26497619101428427,1,1.5179158850223757,1,0.21908342800452374,1,0.3035076009982731,1,0.3669235209963517
QF_IDL/queens_bench/super_queen/super_queen77-1.smt2,1,348.7272585299943,0,1201.747661567002,1,0.39713068900164217,1,4.760304379014997,1,109.25792584801093
QF_IDL/parity/23.400.graph.smt2,1,5.5991421040089335,1,75.49699244298972,1,0.47340909400372766,1,2.1440737519878894,1,13.153770553995855
QF_IDL/DTP/DTP_k2_n35_c245_s8.smt2,1,0.6472037990024546,1,9.056051556020975,1,0.26011903502512723,1,0.3545194110192824,1,1.942087987990817
QF_IDL/20210312-Bouvier/vlsat3_i51.smt2,0,1201.2714178669848,1,345.7911266540177,0,1201.256637140992,1,1090.667564102012,0,1201.7107141110027
QF_IDL/sal/bakery/inf-bakery-mutex-8.smt2,1,0.25799539299623575,1,1.0015257250051945,1,0.23941847801324911,1,0.30016949598211795,1,0.2390000889863586
QF_IDL/mathsat/post_office/PO3-5-PO3.smt2,1,0.34007728699361905,1,1.682745703990804,1,0.22973853698931634,1,0.3088808079774026,1,0.2965813140035607
QF_IDL/DTP/DTP_k2_n35_c210_s16.smt2,1,0.28200372400169726,1,3.4265911240363494,1,0.21723872900474817,1,0.298929993994534,1,0.5141193849995034
QF_IDL/Averest/sorting_network/SortingNetwork4_live_bgmc003.smt2,1,0.21674848900875077,1,0.6415210860432126,1,0.21025550999911502,1,0.2712859320163261,1,0.22716759399918374
QF_IDL/asp/Sokoban/duthen-990602.52.steps.15.asp.smt2,1,105.1899152900005,1,21.951349817973096,1,0.7158356140134856,1,0.8554012220120057,1,4.199456784990616
QF_IDL/20220214-jobshop-BohanLi/jobshop26-4-13-13-4-4-32.smt2,1,271.081469761004,0,1201.720630116004,0,1201.2360147240106,0,1201.718466653023,0,1201.727528606003
QF_IDL/schedulingIDL/j7_per10_2_mkspan1055.smt2,1,0.6548053760052426,1,3.904157684009988,1,0.24220547897857614,1,0.3368213660141919,1,0.8930045279994374
QF_IDL/qlock/qlock-4-10-11.induction.cvc.smt2,1,0.5557997399882879,1,2.9007939900038764,1,0.2466681259975303,1,0.3420196179940831,1,0.4723321380006382
QF_IDL/asp/SchurNumbers/20.11.schur.lp.smt2,1,521.7872416390019,1,435.1486528770183,1,15.88774450100027,1,12.03760845499346,1,32.828501862008125
QF_IDL/20210312-Bouvier/vlsat3_i14.smt2,0,1201.2329634339985,0,1201.7164306030027,1,1174.7620260890108,1,143.86757476298953,0,1201.7160640219954
QF_IDL/queens_bench/super_queen/super_queen80-1.smt2,1,229.89281009699334,0,1201.7508787040133,1,0.5261398089933209,1,0.9607429410098121,1,132.78221158799715
QF_IDL/job_shop/jobshop42-2-21-21-2-4-12.smt2,1,1.346718326996779,1,20.780645996972453,1,0.3735223160183523,1,0.5459449519985355,1,24.119901400990784
QF_IDL/DTP/DTP_k2_n35_c175_s20.smt2,1,0.24387903200113215,1,2.884944659017492,1,0.24749480400350876,1,0.31726258000708185,1,0.4864579659915762
QF_IDL/schedulingIDL/j8_per0_2_mkspan1054.smt2,1,24.828124759005732,1,73.04753142100526,1,0.7311483139928896,1,1.1213617679895833,1,21.58423328200297
QF_IDL/schedulingIDL/j7_per20_2_mkspan1002.smt2,1,6.548287504003383,1,58.30538165499456,1,1.3344391400169116,1,1.4882360829797108,1,12.599979055987205
QF_IDL/planning/plan-46.cvc.smt2,1,2.2154502289777156,1,109.93590014899382,1,0.6663673990115058,1,1.1018107580021024,1,1.954855101997964
QF_IDL/mathsat/fischer/FISCHER9-2-ninc.smt2,1,0.2699570739932824,1,1.0856889220303856,1,0.21569702099077404,1,0.28148469599545933,1,0.2553931190050207
QF_IDL/asp/EdgeMatching/edge-matching-width=10-height=10-colours=13.smt2,0,1201.265963020007,0,1202.222404803033,1,35.06364322302397,1,636.7359916749992,0,1201.7172699049988
QF_IDL/qlock/qlock-4-10-27.base.cvc.smt2,0,1201.219128236,0,1202.218407309032,0,1201.217965924996,1,125.34784212399973,1,531.4872649449972
QF_IDL/20220214-jobshop-BohanLi/jobshop38-4-19-19-2-4-24.smt2,0,1201.2467952090083,0,1201.7464296270045,0,1201.2239152459952,0,1201.7196637039888,0,1201.7127463159995
QF_IDL/queens_bench/n_queen/queen28-1.smt2,1,2.2978447179921204,1,5.3265050839981996,1,0.24848866602405906,1,0.3771526999771595,1,2.4333055739989504
QF_IDL/schedulingIDL/j8_per10_2_mkspan1011.smt2,1,2.5501002140081255,1,188.7136503200163,1,0.401530591014307,1,0.823479355982272,1,37.477635784001905
QF_IDL/20210312-Bouvier/vlsat3_c36.smt2,0,1201.2472028949996,0,1202.2190999139566,0,1201.2205461540143,1,56.887818610994145,1,122.40755519800587
QF_IDL/parity/11.600.graph.smt2,1,17.983381600002758,1,314.13355231203604,1,0.9588796150055714,1,9.662422555004014,1,32.19659518299159
QF_IDL/parity/23.600.graph.smt2,1,20.135684770008083,1,333.2614232090418,1,0.8941531769814901,1,10.339949027984403,1,12.434969991998514
QF_IDL/schedulingIDL/j8_per0_1_mkspan1054.smt2,1,40.91471820199513,0,1201.752400959027,1,14.885177221003687,1,7.707787457999075,1,76.45189581300656
QF_IDL/schedulingIDL/tai_20x20_6_mkspan1375.smt2,1,51.386625978004304,0,1201.7150088589988,1,1.5240038330084644,1,4.17889798397664,1,940.725292520001
QF_IDL/mathsat/fischer/FISCHER11-10-ninc.smt2,1,20.04601933900267,1,140.36848084902158,1,22.058427171985386,1,10.08845578902401,1,24.790643082000315
QF_IDL/mathsat/fischer/FISCHER13-4-ninc.smt2,1,0.5081980449904222,1,1.9879720429889858,1,0.21824342699255794,1,0.3511103210039437,1,0.3419323109992547
QF_IDL/planning/plan-33.cvc.smt2,1,1.2157809149939567,1,6.7124610430328175,1,0.35977745600393973,1,0.553410651977174,1,0.8401592010050081
QF_IDL/RTCL/b02_tf_15/ckt_PROP0_tf_15.smt2,1,0.22915804901276715,1,0.8065407670219429,1,0.2110803100222256,1,0.27010034598060884,1,0.235480645991629
QF_IDL/queens_bench/n_queen/queen13-1.smt2,1,0.2721933260036167,1,1.0175093580037355,1,0.21368739299941808,1,0.26471546199172735,1,0.37099537400354166
QF_IDL/asp/EdgeMatching/edge-matching-width=8-height=8-colours=12.smt2,0,1201.2334781980026,0,1202.7195875180187,1,8.38399470600416,1,91.48368875999586,1,948.3307537380024
QF_IDL/queens_bench/toroidal_bench/toroidal_queen98-1.smt2,0,1201.2505393509928,0,1201.718093764037,0,1201.2376128809992,0,1201.714279133972,0,1201.715919424998
QF_IDL/Averest/buble_sort/BubbleSort_live_bgmc010.smt2,1,0.320936347998213,1,2.0864476980059408,1,0.22211522699217312,1,0.3136527150054462,1,0.3571214989933651
QF_IDL/sal/lpsat/lpsat-goal-18.smt2,1,1.595982240018202,1,62.22153092303779,1,0.8069732389994897,1,1.2762632860103622,1,0.956724778006901
QF_IDL/asp/TravellingSalesperson/rand_70_300_1155482584_4.lp.smt2,1,271.17204848799156,0,1201.7213859300246,1,140.31743340299,1,39.66661185398698,1,135.49844577800832
QF_IDL/queens_bench/toroidal_bench/toroidal_queen12-1.smt2,1,19.155227743001888,1,86.46562980499584,1,1.8760239229886793,1,0.3233396479918156,1,15.082647678995272
QF_IDL/schedulingIDL/tai_15x15_1_mkspan962.smt2,1,9.095616092992714,0,1201.716882366978,1,0.5050472629955038,1,0.8352052470145281,1,105.23121581500163
QF_IDL/20210312-Bouvier/vlsat3_c74.smt2,0,1201.2221042599995,0,1201.7153896419914,0,1201.2178773109918,1,159.79438451200258,1,76.51913942198735
QF_IDL/asp/SchurNumbers/15.20.schur.lp.smt2,0,1201.214995724993,1,792.4249956869753,1,40.30514049102203,1,1.3128725599963218,1,231.8962795080006
QF_IDL/sal/bakery/inf-bakery-mutex-13.smt2,1,0.24425019200134557,1,1.722852134029381,1,0.22194878000300378,1,0.30499612298444845,1,0.2739726290019462
QF_IDL/queens_bench/super_queen/super_queen47-1.smt2,1,52.43805848600459,1,67.20777981204446,1,0.2501575739879627,1,0.41271219300688244,1,12.561405586006003
QF_IDL/asp/Solitaire/solitaire-center-time=27.smt2,1,64.86681249798858,0,1202.7189603389706,1,2.520436095976038,1,7.459847342019202,1,17.533162199004437
QF_IDL/schedulingIDL/tai_20x20_6_mkspan1209.smt2,1,86.97879011199984,0,1201.7526753119892,1,2.1344370389997493,1,7.2439094750152435,0,1201.7139251270128
QF_IDL/diamonds/diamonds.18.5.i.a.u.smt2,1,4.339148553000996,1,489.2475005289889,1,9.138722245988902,1,33.608454898989294,1,108.64559589700366
QF_IDL/Averest/buble_sort/BubbleSort_live_blmc009.smt2,1,0.6217380640009651,1,7.63414619298419,1,0.27758234899374656,1,0.4977762420021463,1,1.6427219999895897
QF_IDL/parity/26.700.graph.smt2,1,56.96773559899884,1,706.5451291730278,1,1.6026571440161206,1,15.54359552601818,1,69.26124984800117
QF_IDL/queens_bench/toroidal_bench/toroidal_queen65-1.smt2,0,1201.222273605992,0,1201.7677467290196,0,1201.2520885799895,0,1201.7129999129975,0,1201.713290298998
QF_IDL/asp/Hanoi/mgs_towers-hanoi.32_7.smt2,1,105.83601656000246,1,41.778092043998186,1,1.285380179004278,1,2.014821213990217,1,10.345171853987267
QF_IDL/20210312-Bouvier/vlsat3_i09.smt2,1,164.86185606099025,1,4.314649309962988,1,217.05312676200992,0,1201.7203125029919,0,1201.7121918140037
QF_IDL/Averest/binary_search/BinarySearch_live_blmc002.smt2,1,0.25845487100014,1,0.8608314860030077,1,0.23674336599651724,1,0.27202033597859554,1,0.2667482709948672
QF_IDL/20210312-Bouvier/vlsat3_c72.smt2,0,1201.2236597909941,0,1202.2247566339793,0,1201.2342097809887,0,1201.7176315599936,1,475.223652479006
QF_IDL/asp/15Puzzle/15-puzzle.init13.smt2,0,1201.6252896760125,1,297.04464307799935,1,30.19294553398504,1,22.068338277982548,0,1202.744108236002
QF_IDL/sal/lpsat/lpsat-goal-3.smt2,1,0.22446183000283781,1,0.9030506110284477,1,0.2123019929858856,1,0.28438730398193,1,0.2573828129970934
QF_IDL/queens_bench/toroidal_bench/toroidal_queen92-1.smt2,0,1201.2121675219823,0,1201.7183222580352,0,1201.253897366987,0,1201.736511272,0,1201.7176003579953
QF_IDL/asp/HamiltonianPath/gryzzles.41.lp.smt2,1,42.667519014008576,1,12.659701708995271,1,0.6062946330057457,1,0.8217884710174985,1,4.4966071029921295
QF_IDL/asp/WireRouting/wire.15.x.15.b.11.25.a.45_sat.data.smt2,0,1201.2299016650068,0,1201.7448190040304,1,263.18348578200676,1,551.5400560979906,1,604.0737317619933
QF_IDL/20220214-jobshop-BohanLi/jobshop60-4-30-30-2-4-24.smt2,0,1201.229013876,0,1201.7269726860104,0,1201.2157362519938,0,1201.7155624540173,0,1201.7143289119995
QF_IDL/asp/MazeGeneration/maze-generation-width=19-height=19-density=0.01-run=1.smt2,1,167.55350813499535,0,1201.754727623018,1,789.7226898810186,1,293.12970777301234,1,214.72964114398928
QF_IDL/parity/10.300.graph.smt2,1,1.7422372699948028,1,14.991677703044843,1,0.40401200400083326,1,1.081608665001113,1,4.023967023007572
QF_IDL/queens_bench/super_queen/super_queen73-1.smt2,1,154.41882596499636,0,1201.7134048000444,1,0.4122212509973906,1,1.3860814179934096,1,139.69058023300022
QF_IDL/Averest/linear_search/LinearSearch_live_blmc004.smt2,1,0.26896068900532555,1,1.0063269670354202,1,0.286707071994897,1,0.2781752930022776,1,0.23640133699518628
QF_IDL/DTP/DTP_k2_n35_c245_s13.smt2,1,0.33399957600340713,1,4.470552320999559,1,0.22976452999864705,1,0.36548752000089735,1,1.1225071049993858
QF_IDL/asp/GraphPartitioning/rand_20_100_1235402004_0_k=6_v=4_e=4_sat.gph.smt2,0,1201.213949654004,0,1202.722599847999,1,74.40898915601429,1,178.45376087501063,1,190.12690162099898
QF_IDL/Averest/sorting_network/SortingNetwork8_live_bgmc007.smt2,1,0.2384054849972017,1,1.3222546410397626,1,0.2381057259917725,1,0.3415013699850533,1,0.2937828810099745
QF_IDL/schedulingIDL/j8_per10_0_mkspan1017.smt2,1,64.30682757399336,1,942.9303385040257,1,0.42067356800544076,1,16.621763738017762,1,87.27682956599165
QF_IDL/mathsat/fischer/FISCHER12-1-ninc.smt2,1,0.22339930999442004,1,0.9715722839464433,1,0.24340868700528517,1,0.2780459980131127,1,0.2328702869999688
QF_IDL/bcnscheduling/bcnscheduling120.smt2,0,1201.2475932810048,1,1162.4331200600136,0,1201.2125349479902,1,343.7414551420079,0,1201.716716859999
QF_IDL/mathsat/fischer/FISCHER7-2-ninc.smt2,1,0.235800228008884,1,0.9356673480360769,1,0.21163889800664037,1,0.27844313700916246,1,0.2863757900049677
QF_IDL/asp/TravellingSalesperson/tsp_rand_70_300_1155482584_5.lp.smt2,1,95.04737190098967,0,1201.7530193519779,1,28.026364443998318,1,22.977211393998004,1,161.25859050000145
QF_IDL/schedulingIDL/gp10_03_mkspan1082.smt2,1,3.1197193949919892,1,42.188808109029196,1,0.2912149050098378,1,0.728198261000216,1,5.242267220004578
QF_IDL/asp/WeightBoundedDominatingSet/rand_200_800_1159728969_11.lp.smt2,0,1201.216737477007,0,1202.2167900589993,0,1201.2253251580114,0,1201.7156021200062,0,1201.7147110549995
QF_IDL/20210312-Bouvier/vlsat3_i98.smt2,0,1201.257026236999,1,110.41846483497648,0,1201.2210005979869,1,1175.5317391430144,0,1201.7154640750086
QF_IDL/queens_bench/toroidal_bench/toroidal_queen59-1.smt2,0,1201.2128325079975,0,1201.7193682279903,0,1201.2201573690108,0,1201.7413556599931,0,1201.721873189992
QF_IDL/diamonds/diamonds.10.2.i.a.u.smt2,1,0.340659694003989,1,3.621403797995299,1,0.25549158299691044,1,0.39876816599280573,1,0.4768546760024037
QF_IDL/parity/07.800.graph.smt2,1,5.883096068006125,0,1202.7160932220286,1,1.6408588830090594,1,45.67559943601373,1,13.540676767006516
QF_IDL/Averest/partition/Partition_live_bgmc002.smt2,1,0.23520674400788266,1,0.7358008960145526,1,0.21285841599456035,1,0.27418405798380263,1,0.2388007400004426
QF_IDL/asp/GraphColouring/graph-colouring-nodes=150-density=0.1-instance=2.smt2,0,1201.220341770997,0,1201.7348729899968,0,1201.2153215169965,0,1201.7121077879856,0,1201.7173573220061
QF_IDL/queens_bench/toroidal_bench/toroidal_queen78-1.smt2,0,1201.2135085330228,0,1201.7190280780196,0,1201.225559722021,0,1201.7234966240067,0,1201.7211295309971
QF_IDL/20220214-RVpredict-BohanLi/RVpredict_2.smt2,1,82.08540660300059,0,1201.7523543519783,1,6.41635001800023,1,1182.6011264370172,1,831.918708481986
QF_IDL/asp/Solitaire/solitaire-center-time=26.smt2,1,57.29380970398779,0,1202.744604128995,1,0.9599732799979392,1,6.098496584017994,1,30.011652993998723
QF_IDL/queens_bench/n_queen/queen67-1.smt2,1,99.63001897399954,0,1201.7138266559923,1,0.34051293300581165,1,0.6321498330216855,1,69.70403565099696
QF_IDL/20220214-jobshop-BohanLi/jobshop48-2-24-24-2-4-12.smt2,0,1201.221408005993,0,1201.7233432679786,0,1201.2269395840121,0,1201.736860072997,0,1201.736846099011
QF_IDL/20210312-Bouvier/vlsat3_c81.smt2,0,1201.2261033620161,0,1202.2525885960204,0,1201.2194059560134,1,92.52265607900335,1,226.8051632429997
QF_IDL/RTCL/b02_tf_20/ckt_PROP0_tf_20.smt2,1,0.2662852899811696,1,1.018216146971099,1,0.21160380498622544,1,0.27917706899461336,1,0.23173527300241403
QF_IDL/asp/TravellingSalesperson/rand_80_340_1159656267_16.lp.smt2,1,526.1344920729898,0,1201.7428781159688,1,168.07224913098617,1,70.74966554701678,1,249.21800696499122
QF_IDL/20210312-Bouvier/vlsat3_c27.smt2,1,198.77575287899526,1,10.07701820001239,1,40.57257167197531,1,613.3379893860256,1,6.967441013999633
QF_IDL/parity/19.400.graph.smt2,1,5.0677022879972355,1,65.70023793797009,1,0.45544070200412534,1,2.3264190870104358,1,4.722219480012427
QF_IDL/schedulingIDL/j7_per10_1_mkspan1000.smt2,1,2.6395894500019494,1,27.208136282977648,1,0.36180005900678225,1,0.8429056789900642,1,4.155687763006426
QF_IDL/qlock/qlock-4-10-26.base.cvc.smt2,0,1201.2209797200048,0,1202.2440376940067,0,1201.2168285709922,1,130.3362487909908,1,431.4792668049922
QF_IDL/parity/25.200.graph.smt2,1,0.4843663930078037,1,5.061369950999506,1,0.3196204229898285,1,0.5164383400115184,1,1.2163052989926655
QF_IDL/Averest/buble_sort/BubbleSort_safe_bgmc002.smt2,1,0.21641013699991163,1,0.8301955440547317,1,0.21060861297883093,1,0.2719681619782932,1,0.26342778399703093
QF_IDL/asp/GraphPartitioning/rand_21_150_1235870252_0_k=3_v=10_e=20_unsat.gph.smt2,1,668.4739328229916,0,1202.7451657649945,1,21.264278937975178,1,37.598161734989844,1,123.18057672599389
QF_IDL/diamonds/diamonds.11.2.i.a.u.smt2,1,0.5035570719919633,1,4.995816218026448,1,0.33700461802072823,1,0.6316418639908079,1,0.7662961889873259
QF_IDL/queens_bench/toroidal_bench/toroidal_queen61-1.smt2,0,1201.239730729023,0,1201.7778473370126,0,1201.2487453150097,0,1201.7105723700079,0,1201.71580778301
QF_IDL/20210312-Bouvier/vlsat3_c69.smt2,0,1201.2174827530107,0,1201.7464331659721,0,1201.2207002009964,1,377.60468427900923,1,601.156204251005
QF_IDL/asp/Sudoku/sudoku.in4.smt2,0,1201.2395918300026,1,625.6402893710183,1,73.94063404697226,1,264.7315288420068,1,772.2533992569952
QF_IDL/diamonds/diamonds.10.5.i.a.u.smt2,1,0.22297910098859575,1,2.3103841070551425,1,0.2186478670046199,1,0.3150691720074974,1,0.3371709820057731
QF_IDL/Averest/sorting_network/SortingNetwork4_safe_blmc004.smt2,1,0.2543890250090044,1,1.0263989380327985,1,0.22616737298085354,1,0.35107683899695985,1,0.3127293389989063
QF_IDL/asp/BlockedNQueens/156.48.1960.36.1721303981.dat.smt2,0,1201.24105087301,0,1201.7700781960157,1,40.07885489499313,1,25.30635559000075,1,164.85732394100341
QF_IDL/Averest/buble_sort/BubbleSort_safe_bgmc009.smt2,1,0.2584204279992264,1,2.039479599974584,1,0.2212914669944439,1,0.32710824499372393,1,0.2897608029888943
QF_IDL/parity/31.400.graph.smt2,1,1.4211481969978195,1,51.81643110298319,1,0.35839741802192293,1,1.2818837339873426,1,1.7873792900063563
QF_IDL/asp/SchurNumbers/20.2.schur.lp.smt2,1,108.08834442599618,1,142.25447201897623,1,1.7915564959985204,1,2.4707495289912913,1,10.514565866993507
QF_IDL/parity/22.500.graph.smt2,1,6.5258036390005145,1,113.4045068739797,1,0.6516552499961108,1,3.695301303989254,1,7.11891239999386
QF_IDL/asp/EdgeMatching/edge-matching-width=10-height=10-colours=8.smt2,0,1201.2520274670096,0,1202.2427308819606,1,71.36387412701151,1,559.6739989469934,0,1201.7174828330026
QF_IDL/20210312-Bouvier/vlsat3_i79.smt2,0,1201.3267948310095,1,485.59621170698665,0,1201.232215969998,1,503.1603389100055,0,1201.7740870100097
QF_IDL/asp/SchurNumbers/15.13.schur.lp.smt2,1,224.0906481899874,0,1201.720308295975,1,637.575074782013,1,13.637490171007812,1,29.43055117801123
QF_IDL/20220214-jobshop-BohanLi/jobshop32-2-16-16-4-4-16.smt2,1,2.0342895170033444,0,1201.7165154489921,1,1.3344450619770214,1,10.232664726994699,1,546.6950362580101
QF_IDL/sal/bakery/inf-bakery-invalid-8.smt2,1,0.2169845680036815,1,0.685287405969575,1,0.21316707899677567,1,0.2760884700110182,1,0.2842096669919556
QF_IDL/schedulingIDL/tai_15x15_10_mkspan903.smt2,1,9.525190714004566,0,1201.7191357580014,1,0.6471621569944546,1,1.5049416669935454,1,308.2638553380093
QF_IDL/planning/plan-7.cvc.smt2,1,0.25897179599269293,1,1.082094403973315,1,0.21336453899857588,1,0.2987341019907035,1,0.2523615259997314
