path,SMTInterpol,,cvc5,,iProver,
,solved,runtime,solved,runtime,solved,runtime
UFLIA/sledgehammer/TypeSafe/smtlib.618862.smt2,0,1202.7537602870143,0,1201.7108078859746,0,1201.7359274050687
UFLIA/simplify2/front_end_suite/javafe.ast.TypeNameVec.021.smt2,0,1202.244197544991,1,0.3064160868525505,1,259.2154426188208
UFLIA/simplify/javafe.genericfile.ZipGenericFile.534.smt2,0,1202.7192466499982,1,0.2766981569584459,0,1201.7423553790431
UFLIA/simplify2/front_end_suite/javafe.ast.CatchClauseVec.007.smt2,0,1201.722930627002,1,0.5809202340897173,0,1201.724589423975
UFLIA/boogie/Finally_ReturnFinally..ctor-modifiesOnLoop.smt2,0,1201.7208008659654,1,0.36412091506645083,0,1201.726387106115
UFLIA/sledgehammer/StrongNorm/smtlib.667813.smt2,1,31.849281380011234,1,0.35833251499570906,1,118.06646257289685
UFLIA/sledgehammer/StrongNorm/smtlib.758137.smt2,0,1201.719518080994,0,1201.7168813929893,0,1201.7362501339521
UFLIA/simplify2/front_end_suite/javafe.ast.TypeDeclElemVec.017.smt2,0,1201.716332925018,1,0.40091694379225373,0,1201.7265501369257
UFLIA/sledgehammer/QEpres/smtlib.729310.smt2,0,1202.75666624296,0,1201.7156406878494,0,1201.7207924150862
UFLIA/simplify/javafe.util.StackVector.826.smt2,1,639.4211623289739,1,0.26216487400233746,1,13.437169819138944
UFLIA/boogie/Switch_Switch.FooString_System.String_notnull.smt2,0,1201.7433732280042,1,0.27787913591600955,1,180.62300806003623
UFLIA/sledgehammer/Hoare/smtlib.796529.smt2,0,1202.7194996969774,0,1201.7215635951143,0,1201.729476023931
UFLIA/sledgehammer/StrongNorm/smtlib.835350.smt2,0,1202.7473310870118,0,1201.717864541104,0,1201.7553142961115
UFLIA/simplify2/front_end_suite/javafe.parser.TokenQueue.006.smt2,0,1201.7467201579711,1,1.837315976852551,0,1201.7237677560188
UFLIA/sledgehammer/Fundamental_Theorem_Algebra/smtlib.848574.smt2,1,294.6697341380059,1,0.26144694397225976,1,534.5772958190646
UFLIA/boogie/BClient_Client.P_MyClass_notnull.smt2,0,1201.723626747029,1,16.301802849862725,0,1201.7567397411913
UFLIA/sledgehammer/Hoare/z3.935843.smt2,0,1201.718717036012,0,1201.7112166928127,0,1201.727850157069
UFLIA/sledgehammer/Fundamental_Theorem_Algebra/smtlib.790181.smt2,0,795.3362846749951,0,1201.724345405819,0,1201.7260005369317
UFLIA/simplify2/front_end_suite/javafe.ast.ReturnStmt.001.smt2,1,5.027743119979277,1,0.4641663080547005,1,6.002426706952974
UFLIA/simplify/javafe.tc.TypeSigVec.738.smt2,0,1201.7695148459752,1,104.73466948512942,0,1201.7253389752004
UFLIA/sledgehammer/Arrow_Order/smtlib.808750.smt2,0,1202.7445556279854,0,1201.7163177549373,0,1201.7463416750543
UFLIA/sledgehammer/Fundamental_Theorem_Algebra/smtlib.1093842.smt2,0,1202.7466396560194,0,1201.7132022250444,0,1201.7246823480818
UFLIA/sledgehammer/QEpres/smtlib.1013163.smt2,0,835.7431222560117,0,1201.7141985299531,0,1201.7334880579729
UFLIA/sledgehammer/Fundamental_Theorem_Algebra/smtlib.1231832.smt2,0,493.26220662600826,0,1201.716700516874,0,1201.734995118808
UFLIA/simplify2/front_end_suite/javafe.ast.ModifierPragmaVec.017.smt2,0,1201.7325547930086,1,0.36577973794192076,0,1201.7324729780667
UFLIA/boogie/Bad_Cell..ctor.smt2,0,1201.74593700096,1,0.33935317513532937,0,1201.7242851192132
UFLIA/simplify/javafe.ast.TypeDeclElemVec.377.smt2,0,1201.742705148994,1,0.47640008199959993,0,1201.751427907031
UFLIA/sledgehammer/Fundamental_Theorem_Algebra/smtlib.1148592.smt2,0,1202.7192727910005,0,1201.713364918949,0,1201.7299060870428
UFLIA/boogie/AssignToRepField_AssignToRepField..ctor_System.Int32.array.smt2,0,1201.7180411100271,0,1201.7230379290413,0,1201.7299176149536
UFLIA/sledgehammer/FFT/smtlib.551876.smt2,0,1025.4095260960166,1,7.6196018611080945,1,818.5274263119791
UFLIA/boogie/AssignToRepField_AssignToRepField..ctor_System.Boolean.smt2,0,1201.7547029089983,1,0.42345295613631606,0,1201.7333127961028
UFLIA/simplify2/front_end_suite/javafe.tc.CheckInvariants.005.smt2,0,1202.2427684510476,1,15.27270071906969,0,1201.7441931180656
UFLIA/sledgehammer/Fundamental_Theorem_Algebra/smtlib.674529.smt2,0,1202.7212228360004,1,1.4886295751202852,0,1201.7302204638254
UFLIA/sledgehammer/FFT/smtlib.589955.smt2,0,1202.7208170340164,0,1201.7121282578446,0,1201.7402514270507
UFLIA/sledgehammer/Hoare/smtlib.990061.smt2,0,1202.7441688270192,1,0.5427348241209984,0,1201.781199435005
UFLIA/sledgehammer/Fundamental_Theorem_Algebra/smtlib.1007031.smt2,0,1202.7158827390522,1,0.3566369069740176,1,27.97095491597429
UFLIA/sledgehammer/NS_Shared/smtlib.801500.smt2,0,1112.8142299359897,0,1201.7281651049852,0,1201.7252686019056
UFLIA/boogie/Pack_Good1.Cell.GetX.smt2,0,1201.7691358859884,1,0.40342668001540005,0,1201.742376573151
UFLIA/sledgehammer/Fundamental_Theorem_Algebra/smtlib.1327187.smt2,0,1202.75142167398,0,1201.713313527871,0,1201.7322407527827
UFLIA/simplify2/front_end_suite/javafe.parser.Token.004.smt2,0,1201.7427526380052,1,0.27819059789180756,1,44.449774817796424
UFLIA/sledgehammer/Fundamental_Theorem_Algebra/smtlib.639871.smt2,0,1202.7142813630053,0,1201.7136493080761,0,1201.7364143452141
UFLIA/simplify/javafe.ast.ConstructorDecl.101.smt2,0,1202.7282779149828,1,2.4672046520281583,1,786.1685074900743
UFLIA/sledgehammer/QEpres/smtlib.674991.smt2,0,1201.7225732969819,0,1201.7118741290178,0,1201.7217028099112
UFLIA/sledgehammer/StrongNorm/smtlib.845995.smt2,0,1021.4253759090207,0,1201.7201403789222,0,1201.749353491934
UFLIA/simplify2/front_end_suite/javafe.tc.ConstantExpr.011.smt2,1,2.077787823975086,1,0.5093423840589821,0,1201.7215740010142
UFLIA/simplify2/front_end_suite/javafe.filespace.TreeWalker.006.smt2,0,1182.3713097989676,1,0.29095224593766034,1,771.0872236071154
UFLIA/sledgehammer/FFT/smtlib.642212.smt2,0,359.71942421997664,0,1201.7170292530209,0,1201.726694780169
UFLIA/simplify2/front_end_suite/javafe.ast.IdentifierVec.007.smt2,0,1201.7180292449775,1,0.7097428441047668,0,1201.7381260280963
UFLIA/sledgehammer/StrongNorm/smtlib.714479.smt2,0,1201.719040194992,0,1201.7322406708263,0,1201.7326149852015
UFLIA/grasshopper/uninstantiated/difference_postcondition_of_difference_31_8.smt2,0,1201.7199547400232,1,0.4402126930654049,1,23.992699849884957
UFLIA/simplify/javafe.ast.TypeModifierPragmaVec.395.smt2,1,2.1595317640458234,1,0.2639057100750506,1,13.011815620120615
UFLIA/sledgehammer/FFT/smtlib.732819.smt2,0,1202.745976717968,0,1201.719276123913,0,1201.732006486971
UFLIA/simplify/javafe.filespace.Resolve_Result.494.smt2,0,1201.7481492559891,1,0.24843631917610765,1,629.0560624401551
UFLIA/sledgehammer/Hoare/smtlib.660933.smt2,0,1202.7207573520136,0,1201.7342492078897,0,1201.730111809913
UFLIA/boogie/StructTests_St.S_System.Int32.ptr_System.Int32.ptr-level_2.smt2,0,1201.718486253987,0,1201.7142729288898,1,3.907455045962706
UFLIA/sledgehammer/TwoSquares/smtlib.807902.smt2,1,0.6647402600501664,1,0.2625960661098361,1,0.860922256950289
UFLIA/tokeneer/userentry/progress-11.smt2,0,1.4493866030243225,0,1201.725676447153,0,1201.7359647199046
UFLIA/simplify2/front_end_suite/javafe.util.FileCorrelatedReader.005.smt2,1,103.66082932299469,1,0.32897519087418914,1,832.8077557198703
UFLIA/boogie/QuantifierVisibilityInvariant_C..ctor_System.Int32.smt2,0,1201.7196803620318,1,0.766485121101141,0,1201.7323961320799
UFLIA/sledgehammer/Fundamental_Theorem_Algebra/smtlib.1076732.smt2,0,1202.742867804016,0,1201.7111328390893,0,1201.7268839750905
UFLIA/sledgehammer/Fundamental_Theorem_Algebra/smtlib.1242792.smt2,0,1202.7268093880266,0,1201.7121705799364,0,1201.7263125311583
UFLIA/sledgehammer/FFT/smtlib.1021416.smt2,0,1202.7482306549791,0,1201.7158315109555,0,1201.7246300058905
UFLIA/sledgehammer/Fundamental_Theorem_Algebra/smtlib.926730.smt2,0,1201.7419359260239,1,0.24371204292401671,1,1.423278900096193
UFLIA/simplify2/front_end_suite/javafe.ast.FormalParaDeclVec.020.smt2,0,1201.7173257149989,1,0.9556198138743639,0,1201.75111168297
UFLIA/sledgehammer/FFT/smtlib.744458.smt2,0,1069.8303863799665,0,1202.2200537328608,0,1201.726952956058
UFLIA/sledgehammer/Hoare/smtlib.561831.smt2,0,1077.7945719339768,0,1201.7170777719002,0,1201.7563704231288
UFLIA/boogie/LoopInvAssume_Test-noinfer.smt2,0,1.0383233799948357,0,1201.7206108900718,0,1201.7248793900944
UFLIA/boogie/AssumeEnsures_Caller1-noinfer.smt2,0,1.0849430019734427,0,1201.737197966082,0,1201.73400567309
UFLIA/simplify2/front_end_suite/javafe.ast.ParenExpr.006.smt2,1,1.5765451139886864,1,0.4908609720878303,1,3.8930692370049655
UFLIA/tokeneer/tismain/init-3.smt2,0,1.7254417070071213,0,1201.7126038610004,0,1201.7228216438089
UFLIA/sledgehammer/FFT/smtlib.651534.smt2,0,1202.745242436009,0,1201.713977866806,0,1201.7238644610625
UFLIA/boogie/Subclass_Sub..ctor.smt2,0,1201.7218188240076,1,0.5571386010851711,0,1201.7238614831585
UFLIA/sledgehammer/Hoare/smtlib.902522.smt2,0,1202.2197441860335,1,30.44635305693373,1,6.428417156916112
UFLIA/simplify/javafe.filespace.FilterEnum.465.smt2,1,296.7912493059994,1,0.24279051600024104,1,27.437125890050083
UFLIA/simplify2/front_end_suite/javafe.util.BufferedCorrelatedReader.009.smt2,1,14.503125223971438,1,0.318649809807539,1,13.410356384003535
UFLIA/sledgehammer/Fundamental_Theorem_Algebra/smtlib.867420.smt2,0,1201.7161527000135,0,1201.7170009010006,0,1201.730056260014
UFLIA/boogie/Immutable_test3.Typeof.Foo_test3.Typeof_notnull.smt2,0,1201.7184426229796,1,0.4178856660146266,0,1201.7342860689387
UFLIA/boogie/ExposeVersion_X.ObjectCreationWithMethodQuery_X_notnull-level_2.smt2,0,1201.71544080897,1,0.6145187811926007,0,1201.7282918801066
UFLIA/sledgehammer/TypeSafe/smtlib.705558.smt2,0,1202.744981092983,0,1201.7111037608702,0,1201.7257534838282
UFLIA/boogie/Types_C..ctor-orderStrength_1.smt2,0,1201.7203317450476,1,0.5762130410876125,0,1201.730093547143
UFLIA/boogie/AdditiveMethods_OwnedResults.Pz.smt2,0,1201.7707395289908,1,0.3399831510614604,0,1201.7489750520326
UFLIA/simplify2/front_end_suite/javafe.ast.ImportDeclVec.016.smt2,0,1201.7174708129605,1,0.44065221515484154,0,1201.7395629640669
UFLIA/sledgehammer/Arrow_Order/smtlib.562670.smt2,0,1202.2455962109962,0,1201.7321735490113,0,1201.7496071369387
UFLIA/boogie/Spouse_Person.Marry_Person_notnull.smt2,0,1201.7488370729843,1,3.8210497631225735,0,1201.7294270610437
UFLIA/simplify/javafe.ast.VarInitVec.429.smt2,1,2.103354000020772,1,0.26480440702289343,1,13.025304922135547
UFLIA/sledgehammer/NS_Shared/smtlib.590931.smt2,0,488.2190597759909,0,1201.7145640950184,0,1201.7361240799073
UFLIA/sledgehammer/QEpres/smtlib.791091.smt2,0,1202.2160238479846,0,1201.7124537758064,0,1201.7233845510054
UFLIA/simplify2/front_end_suite/javafe.tc.PrepTypeDeclaration.010.smt2,0,1201.721123885014,1,142.4726954989601,0,1201.724650325952
UFLIA/sledgehammer/TwoSquares/smtlib.810431.smt2,0,1201.7432386099827,0,1201.713076775195,0,1201.7179646152072
UFLIA/sledgehammer/FFT/smtlib.1005475.smt2,0,1202.7231789840152,0,1201.720394383883,0,1201.7365396867972
UFLIA/grasshopper/uninstantiated/union_check_heap_access_35_8.smt2,0,1201.7447220590548,1,0.372839201008901,1,64.04377054399811
UFLIA/sledgehammer/TwoSquares/smtlib.745135.smt2,0,1201.7203552540159,1,300.4983187948819,1,1184.8416615300812
UFLIA/sledgehammer/Fundamental_Theorem_Algebra/smtlib.1352079.smt2,0,493.90777711803094,1,1.2615954459179193,0,1201.7409815080464
UFLIA/simplify2/front_end_suite/javafe.CopyLoaded.022.smt2,1,1.461882442003116,1,0.33236908190883696,0,1201.7212250330485
UFLIA/simplify2/front_end_suite/javafe.filespace.Tree.005.smt2,0,1201.7445748590399,1,0.24938367097638547,1,35.03903162013739
UFLIA/sledgehammer/StrongNorm/smtlib.837061.smt2,0,397.7438080170541,0,1201.711312578991,0,1201.7314381829929
UFLIA/simplify2/front_end_suite/javafe.parser.ParseExpr.009.smt2,0,1202.245139857987,0,1201.7107988181524,0,1201.7315475600772
UFLIA/sledgehammer/FFT/smtlib.735487.smt2,0,1202.7458428720129,0,1201.713718059007,0,1201.751117394073
UFLIA/sledgehammer/Hoare/smtlib.923918.smt2,0,1201.768713175028,0,1201.71160095511,0,1201.7293861270882
UFLIA/boogie/Interval_Interval.BadShift_System.Int32.smt2,0,1201.7423224719823,0,1201.713177867001,0,1201.7282997930888
UFLIA/simplify2/front_end_suite/javafe.ast.StmtVec.012.smt2,0,1201.743964964,1,0.31786626600660384,0,1201.7574906321242
UFLIA/simplify/javafe.ast.MethodDecl.236.smt2,0,1202.219124700001,1,0.7401413440238684,1,789.1823097281158
UFLIA/sledgehammer/NS_Shared/smtlib.804544.smt2,0,1202.720449550019,0,1201.7142911648843,0,1201.727750648046
UFLIA/sledgehammer/FFT/smtlib.899211.smt2,0,1201.747293292021,0,1201.725245363079,0,1201.7354856499005
UFLIA/sledgehammer/TwoSquares/smtlib.616520.smt2,0,1201.74388981401,0,1201.7206333482172,0,1201.7244726039935
UFLIA/sledgehammer/Hoare/smtlib.622871.smt2,0,1202.7186830150313,0,1201.7427689640317,0,1201.7250183280557
UFLIA/sledgehammer/NS_Shared/smtlib.613788.smt2,0,1202.7233749409788,1,123.68788534891792,1,58.512023280141875
UFLIA/sledgehammer/Arrow_Order/smtlib.756080.smt2,1,2.0560310629662126,1,0.30481583904474974,1,1.3604062770027667
UFLIA/sledgehammer/QEpres/smtlib.1141802.smt2,0,384.3900184169761,0,1201.7289647799917,0,1201.7313339998946
UFLIA/sledgehammer/NS_Shared/smtlib.657037.smt2,0,1202.2145030209795,1,0.38448672415688634,0,1201.7553188439924
UFLIA/sledgehammer/Hoare/smtlib.1195414.smt2,0,1202.7150833769701,0,1201.7135630869307,0,1201.7316654131282
UFLIA/simplify/javafe.util.LocationManagerCorrelatedReader.797.smt2,0,1201.749919853988,1,0.37055761204101145,0,1201.7244739329908
UFLIA/simplify2/front_end_suite/javafe.tc.TypeSig.024.smt2,0,1202.2407178059802,1,8.001982187852263,1,29.975587069056928
UFLIA/simplify2/front_end_suite/javafe.ast.ExprVec.012.smt2,0,1201.7225586359855,1,0.36984719103202224,0,1201.7363672370557
UFLIA/sledgehammer/Hoare/smtlib.638735.smt2,0,1202.7206852669478,0,1201.7186662640888,0,1201.729973606998
UFLIA/sledgehammer/QEpres/smtlib.969648.smt2,0,1201.7722707979847,0,1201.711975838989,0,1201.7277859849855
UFLIA/simplify2/front_end_suite/javafe.ast.ModifierPragmaVec.002.smt2,0,1201.7464101639926,1,0.4965732218697667,0,1201.7297932370566
UFLIA/sledgehammer/QEpres/smtlib.1092975.smt2,0,1202.7247086929856,0,1201.715354883112,0,1201.7254106909968
UFLIA/sledgehammer/Hoare/smtlib.824765.smt2,0,1201.7181200230261,0,1201.7224882740993,0,1201.7372078232002
UFLIA/sledgehammer/FFT/smtlib.724613.smt2,0,1202.7465018359944,0,1201.7130634158384,0,1201.7361053589266
UFLIA/boogie/ExactTypes_Y1..ctor.smt2,0,1201.7405534110148,1,0.40297165303491056,0,1201.7226272339467
UFLIA/sledgehammer/Arrow_Order/smtlib.556254.smt2,0,1202.7251192739932,1,0.24327214411459863,1,1.4230500059202313
UFLIA/simplify2/front_end_suite/javafe.ast.MethodDecl.005.smt2,0,1202.7193238949985,1,22.159971279092133,0,1201.7416111668572
UFLIA/sledgehammer/TwoSquares/smtlib.813217.smt2,0,1202.7485452509718,0,1201.7124201229308,0,1201.7380539998412
UFLIA/simplify/javafe.tc.EnvForLocals.660.smt2,0,1201.7186856250046,1,0.6742293359711766,0,1201.7224130199756
UFLIA/simplify2/front_end_suite/javafe.ast.LexicalPragmaVec.013.smt2,0,1201.720128824003,1,0.5215977930929512,0,1201.7396907268558
UFLIA/sledgehammer/QEpres/smtlib.641150.smt2,0,1202.7202885989682,1,210.7794146570377,1,183.64548724214546
UFLIA/simplify2/front_end_suite/javafe.ast.CompoundName.013.smt2,0,1201.7295479790191,1,7.6028521589469165,0,1201.722451661015
UFLIA/simplify2/front_end_suite/tohtml.Java2Html.012.smt2,0,1201.7433648669976,1,0.602895941818133,0,1201.7220818400383
UFLIA/sledgehammer/Hoare/smtlib.1208139.smt2,0,1202.7420870509814,0,1201.7145296868403,0,1201.7305358999874
UFLIA/sledgehammer/StrongNorm/smtlib.749048.smt2,0,1202.2189773049904,0,1201.7142315949313,0,1201.7233448438346
UFLIA/simplify2/front_end_suite/javafe.tc.TypeSigVec.018.smt2,0,1201.7439585870015,1,1.8398726352024823,0,1201.725887167966
UFLIA/sledgehammer/StrongNorm/smtlib.785895.smt2,0,1202.2185398339643,0,1201.7303029750474,0,1201.737899897853
UFLIA/simplify/javafe.parser.test.TestExpr.577.smt2,0,1202.7425227219937,1,0.43659416818991303,0,1201.7411384792067
UFLIA/sledgehammer/TwoSquares/smtlib.728831.smt2,0,1202.7449117750512,0,1201.7133124219254,0,1201.726096966071
UFLIA/simplify2/front_end_suite/javafe.util.LocationManagerCorrelatedReader.018.smt2,0,1201.7200356000103,1,0.3403822290711105,1,582.9410306150094
UFLIA/simplify2/front_end_suite/javafe.ast.ImportDeclVec.011.smt2,1,1.5674694160115905,1,0.27414355310611427,1,13.480797090101987
UFLIA/tokeneer/door/lockdoor-3.smt2,0,1201.7451115449658,0,1201.725070022978,0,1201.7321353459265
UFLIA/boogie/LocalExpose_S.V3.smt2,0,1201.743444341002,0,1201.7155248709023,0,1201.7281699741725
UFLIA/sledgehammer/Fundamental_Theorem_Algebra/smtlib.869456.smt2,0,369.55664210999385,1,270.5663967139553,1,273.38966374495067
UFLIA/sledgehammer/QEpres/smtlib.861518.smt2,0,1202.745150626055,0,1201.728334285086,0,1201.7244010982104
UFLIA/sledgehammer/TwoSquares/smtlib.737811.smt2,0,1202.7197482860065,0,1201.7149701209273,0,1201.725672247121
UFLIA/boogie/PureReceiverMightBeCommitted_C.N.smt2,0,1201.7167119130027,1,1.05752038420178,0,1201.7433242751285
UFLIA/boogie/Bag4_Bag.SpecSharp.CheckInvariant_System.Boolean.smt2,0,1202.2244251240045,1,0.2804487990215421,1,535.4978383001871
UFLIA/boogie/equiv5_MPrime-infer_e-vc_local.smt2,0,1.1730961540015414,0,1201.7247602818534,0,1201.726674681995
UFLIA/simplify/javafe.ast.ModifierPragmaVec.252.smt2,0,1201.7160216069897,1,1.0778543308842927,0,1201.728221790865
UFLIA/sledgehammer/Fundamental_Theorem_Algebra/smtlib.813155.smt2,0,1202.7219746979536,0,1201.7111271349713,0,1201.751487169182
UFLIA/sexpr/SES.Nary.CArgs_System.Cl.G.List_1...opt...MS.Cn.NNT.SES.Sx_notnull_System.Boolean.smt2,0,1201.7427343800082,1,31.106929077999666,1,19.062996129039675
UFLIA/sledgehammer/QEpres/smtlib.840400.smt2,0,1201.7185195309576,0,1201.726039479021,0,1201.7449623038992
UFLIA/sledgehammer/Fundamental_Theorem_Algebra/smtlib.1239157.smt2,0,1202.7570192239946,1,0.3611728921532631,0,1201.7365934900008
UFLIA/simplify/javafe.ast.CatchClauseVec.64.smt2,1,1.596571215952281,1,0.29661877593025565,1,12.946947106160223
UFLIA/sledgehammer/Fundamental_Theorem_Algebra/smtlib.1250336.smt2,0,1202.7445818550186,0,1201.739415843971,0,1201.7171056168154
UFLIA/boogie/InitialValuesBad_Cell..ctor.smt2,0,1201.7466415980016,0,1201.7147604480851,0,1201.7352852770127
UFLIA/grasshopper/instantiated/quicksort_precondition_of_quicksort_55_4.smt2,0,1201.740761159046,1,1.9803068439941853,1,87.98304446204565
UFLIA/simplify2/front_end_suite/javafe.ast.CatchClause.007.smt2,0,1202.7209166890243,1,12.431395927909762,0,1201.7267057271674
UFLIA/boogie/AdvancedTypes_X..ctor-orderStrength_1.smt2,0,1201.716732830042,1,0.5200087050907314,0,1201.7407001580577
UFLIA/sledgehammer/NS_Shared/smtlib.599477.smt2,0,1201.7457251059823,0,1201.7295344730373,0,1201.743290420156
UFLIA/sledgehammer/TypeSafe/smtlib.967255.smt2,0,1202.2415478579933,1,106.2286443579942,1,315.1686320670415
UFLIA/sledgehammer/TwoSquares/smtlib.708217.smt2,0,1202.7481268529664,1,0.6552048060111701,1,125.0576021920424
UFLIA/simplify2/front_end_suite/javafe.ast.StandardPrettyPrint.018.smt2,1,6.4037965390016325,1,0.6496976809576154,0,1201.7211992959492
UFLIA/boogie/BasicMethodology_C..ctor.smt2,0,1201.7187031359645,1,0.4582824669778347,0,1201.7221463269088
UFLIA/sledgehammer/NS_Shared/smtlib.645227.smt2,0,1201.7471550129703,0,1201.711834984133,0,1201.7309410329908
UFLIA/sledgehammer/Fundamental_Theorem_Algebra/smtlib.639462.smt2,0,1202.7228331770166,0,1201.713767397916,0,1201.726915488951
UFLIA/simplify2/front_end_suite/javafe.ast.IfStmt.008.smt2,0,1202.2471893560141,1,18.06160724791698,0,1201.7726093900856
UFLIA/simplify2/front_end_suite/javafe.ast.LiteralExpr.005.smt2,0,1202.7220511269988,1,1.1456398989539593,0,1201.741806013044
UFLIA/simplify/javafe.reader.ASTClassFileParser.582.smt2,0,1202.7203165609972,1,271.0849507651292,0,1201.7392501540016
UFLIA/sledgehammer/QEpres/smtlib.655188.smt2,0,1202.744025650958,0,1201.7133361159358,0,1201.724010113161
UFLIA/simplify2/front_end_suite/javafe.tc.Types.044.smt2,0,1202.723887478991,1,4.622398301027715,0,1201.732290355023
UFLIA/simplify/javafe.ast.NewArrayExpr.265.smt2,0,1202.740922719997,1,0.6219100379385054,1,19.4272732490208
UFLIA/tokeneer/tokenreader/poll/processreaderstatechange-6.smt2,1,11.61358190397732,1,0.23217996302992105,1,0.8770719661843032
UFLIA/simplify/javafe.ast.CompoundName.87.smt2,0,1202.7732347300043,1,0.6917816519271582,1,17.926724731223658
UFLIA/sledgehammer/QEpres/smtlib.956395.smt2,0,1202.220647286973,0,1201.7140034830663,0,1201.7375030620024
UFLIA/sledgehammer/TwoSquares/smtlib.614775.smt2,0,1202.7766501199803,1,9.672933947993442,1,16.42688018688932
UFLIA/sledgehammer/Fundamental_Theorem_Algebra/smtlib.925838.smt2,0,609.0208220430068,1,0.2601068310905248,1,363.7271828709636
UFLIA/boogie/Boxes_Boxes_2.Q_System.Int32.smt2,0,1201.7739808639744,0,1201.7151459220331,0,1201.7237430489622
UFLIA/sledgehammer/Fundamental_Theorem_Algebra/smtlib.828681.smt2,0,1202.7196120449807,1,151.6464033080265,1,9.42002939293161
UFLIA/sledgehammer/QEpres/smtlib.784977.smt2,0,1202.720029463002,0,1201.7140250601806,0,1201.771934452001
UFLIA/sledgehammer/Hoare/smtlib.934730.smt2,0,1202.7429934529937,0,1201.7448884618934,0,1201.730375353014
UFLIA/sledgehammer/NS_Shared/smtlib.882817.smt2,0,1202.718310591008,0,1201.7116815571208,0,1201.7248322730884
UFLIA/sledgehammer/TypeSafe/smtlib.1416344.smt2,0,1201.719448255957,0,1201.715528585948,0,1201.7222956768237
UFLIA/simplify2/front_end_suite/javafe.tc.MethodDeclVec.011.smt2,1,1.9541672969935462,1,0.2851428829599172,1,13.972898580133915
UFLIA/sledgehammer/TwoSquares/smtlib.840119.smt2,1,0.8537419809726998,1,0.7337100191507488,1,0.948540851008147
UFLIA/simplify/javafe.util.BufferedCorrelatedReader.779.smt2,1,891.9340201679734,1,0.32325429911725223,1,12.96280188811943
UFLIA/sledgehammer/TwoSquares/smtlib.590927.smt2,0,1201.7441058950499,0,1201.714350898983,0,1201.7254161559977
UFLIA/simplify2/front_end_suite/javafe.ast.BinaryExpr.005.smt2,0,1202.7474357080064,1,0.7532684660982341,0,1201.725238170009
UFLIA/sledgehammer/FFT/smtlib.963878.smt2,0,1058.9622350839782,0,1201.7189467351418,0,1201.7239414500073
UFLIA/sledgehammer/QEpres/smtlib.1159531.smt2,0,1202.7183493089979,0,1201.713328893995,0,1201.7276191208512
UFLIA/boogie/Bag0_Bag.Add_System.Int32.smt2,0,1201.7171870429884,0,1201.788330931915,0,1201.739219041774
UFLIA/sledgehammer/Hoare/smtlib.796190.smt2,0,1202.7463036109693,1,2.771721804048866,0,1201.7505532810465
UFLIA/sledgehammer/QEpres/smtlib.1014851.smt2,0,1202.7465377830085,0,1201.7186292230617,0,1201.7384509190451
UFLIA/sledgehammer/QEpres/smtlib.833591.smt2,0,273.124138640007,0,1201.712398570031,0,1202.2345808129758
UFLIA/sledgehammer/Fundamental_Theorem_Algebra/smtlib.1269749.smt2,0,1202.741439225967,0,1201.733662135899,0,1201.7470224590506
UFLIA/sledgehammer/Fundamental_Theorem_Algebra/smtlib.1195212.smt2,1,109.94828649802366,1,0.30850680614821613,1,37.47351938509382
UFLIA/sledgehammer/Hoare/smtlib.760844.smt2,0,1202.7465971289785,0,1201.7323068052065,0,1201.7523662799504
UFLIA/sledgehammer/QEpres/smtlib.914236.smt2,0,1201.721113883017,0,1201.7272150958888,0,1201.7563370270655
UFLIA/simplify2/front_end_suite/javafe.tc.Env.004.smt2,1,212.35112056299113,1,0.6010797589551657,1,23.931297085015103
UFLIA/sledgehammer/Fundamental_Theorem_Algebra/smtlib.633922.smt2,0,1202.7462019459927,1,0.37162911682389677,0,1201.7320919700433
UFLIA/simplify2/front_end_suite/javafe.ast.OnDemandImportDecl.009.smt2,0,1202.7195910819573,1,0.5986080619040877,1,24.97871263604611
UFLIA/sledgehammer/Fundamental_Theorem_Algebra/smtlib.994893.smt2,0,1202.7435312540038,0,1201.7293988838792,0,1201.7278878791258
UFLIA/simplify2/front_end_suite/javafe.tc.Env.006.smt2,0,1201.769186495978,1,29.692910084035248,0,1201.7368363728747
UFLIA/boogie/AdditiveMethods_AdditiveMethods.M.smt2,0,1201.7433891789988,1,0.41458786581642926,0,1201.7349163200706
UFLIA/simplify2/front_end_suite/javafe.ast.MethodInvocation.001.smt2,0,1202.2455764149781,1,0.47061475086957216,1,22.452840311918408
UFLIA/boogie/ParamOut_Test.foo_MyInterface_2...System.String___System.String_notnull.smt2,0,1201.7419214560068,1,0.3930772738531232,0,1201.7318599240389
UFLIA/sledgehammer/Fundamental_Theorem_Algebra/smtlib.1199371.smt2,0,1202.7203740570112,1,0.47877934109419584,1,394.9402398711536
UFLIA/boogie/PeerFields_Parent.M.smt2,0,1201.7415530519793,1,2.3017875058576465,0,1201.7477312108967
UFLIA/simplify/javafe.ast.FormalParaDecl.160.smt2,1,3.0549514949670993,1,0.7038801570888609,1,13.918901497963816
UFLIA/simplify/javafe.util.FileCorrelatedReader.784.smt2,0,1201.7197578120395,1,0.6782533379737288,0,1201.7420242489316
UFLIA/simplify2/front_end_suite/javafe.parser.test.TestExpr.002.smt2,0,1202.7470397340367,1,119.09604781400412,0,1201.726196096046
UFLIA/sledgehammer/Fundamental_Theorem_Algebra/smtlib.745189.smt2,0,1201.719396430999,0,1201.7134584649466,0,1201.7521156161092
UFLIA/sledgehammer/FFT/smtlib.584380.smt2,0,1202.748030609975,0,1201.712321641855,0,1201.7345125288703
UFLIA/simplify2/front_end_suite/javafe.ast.StmtVec.017.smt2,0,1201.7132688229904,1,0.3642180550377816,0,1201.7450923700817
UFLIA/boogie/Types_Types.P8_System.Object.array_notnull_System.Int32.array_notnull_A.array_notnull_J.array_notnull_B.array_notnull-orderStrength_1.smt2,0,1201.7446695260005,0,1201.713322035037,0,1201.7486917551141
UFLIA/simplify2/front_end_suite/javafe.parser.TagConstants.003.smt2,0,1201.7166282159742,1,0.38668163982219994,0,1201.747734833043
UFLIA/sledgehammer/Hoare/smtlib.560167.smt2,0,1202.2191901890328,0,1201.7161162481643,0,1201.766358705936
UFLIA/boogie/ValidAndPrevalid_Interval.Foo4.smt2,0,1201.7165875440114,1,1.447114618960768,0,1201.73281413503
UFLIA/sledgehammer/QEpres/smtlib.1125496.smt2,0,1202.7207991009927,0,1201.7109711379744,0,1201.751401965972
UFLIA/simplify2/front_end_suite/javafe.parser.ParseStmt.002.smt2,0,1201.7242398750386,1,11.06008654506877,0,1201.7298491429538
UFLIA/sledgehammer/TwoSquares/smtlib.712433.smt2,0,1202.2175662220106,1,7.26415798207745,0,1201.739137683995
UFLIA/simplify2/front_end_suite/javafe.ast.TypeObjectDesignator.008.smt2,0,1202.7526470620069,1,19.217546210158616,0,1201.7304106040392
UFLIA/sledgehammer/TwoSquares/smtlib.813442.smt2,0,1202.7245957429986,0,1201.718066611793,0,1201.7406630748883
UFLIA/sledgehammer/TypeSafe/smtlib.784065.smt2,0,1202.252948975016,0,1201.7130772520322,0,1201.7232720009051
UFLIA/simplify2/front_end_suite/javafe.parser.ParseExpr.006.smt2,0,1201.7427087550168,1,1.4884833490941674,0,1201.7366227540188
UFLIA/sledgehammer/QEpres/smtlib.952482.smt2,0,1202.7268902439973,0,1201.7150850631297,0,1201.742389505962
UFLIA/simplify2/front_end_suite/javafe.filespace.PkgTree.011.smt2,0,1201.7185632769833,1,0.25427357596345246,1,17.42724052700214
UFLIA/boogie/PureReceiverMightBeCommitted_C.O.smt2,0,1201.7423394229845,1,0.33571085007861257,0,1201.7299262101296
UFLIA/sledgehammer/FFT/smtlib.979124.smt2,0,1202.7211375240004,0,1201.7147512899246,0,1201.7546419389546
UFLIA/sledgehammer/Hoare/smtlib.874055.smt2,0,1202.755088078964,1,1.1585814009886235,0,1201.753189331852
UFLIA/sledgehammer/Hoare/smtlib.779492.smt2,0,1202.7443633240182,0,1201.7159683289938,0,1201.7859931588173
UFLIA/boogie/Change769_Test7..ctor.smt2,1,69.22418170800665,1,0.3791175161022693,0,1201.739646396134
UFLIA/sledgehammer/Fundamental_Theorem_Algebra/smtlib.1478401.smt2,0,1202.7249230190064,0,1201.7149853990413,0,1201.7220779280178
UFLIA/tokeneer/tokenreader/poll/processreaderstatechange-5.smt2,1,8.283425471978262,1,0.23270158004015684,1,0.925663084955886
UFLIA/sledgehammer/Fundamental_Theorem_Algebra/smtlib.752753.smt2,0,1159.0653782599838,0,1201.711808592081,0,1201.7274427600205
UFLIA/sledgehammer/Fundamental_Theorem_Algebra/smtlib.1285792.smt2,0,1202.7429545719642,1,4.72867573518306,0,1201.7276374080684
UFLIA/sledgehammer/Hoare/smtlib.1234055.smt2,0,1202.7188203759724,0,1201.7379809841514,0,1201.728074671002
UFLIA/boogie/Bag5_Bag..ctor_System.Int32.array_notnull_System.Int32_System.Int32.smt2,0,1201.741954053985,1,2.578900614986196,0,1201.7338718948886
UFLIA/sledgehammer/TwoSquares/smtlib.629305.smt2,0,1202.7219409819809,1,44.99890210502781,1,3.923952887998894
UFLIA/sledgehammer/Hoare/smtlib.1097706.smt2,0,1202.7186510969768,0,1201.7114864031319,0,1201.7313051291276
UFLIA/sledgehammer/QEpres/smtlib.1010125.smt2,0,1202.7186465029954,0,1201.7252633830067,0,1201.7462808450218
UFLIA/boogie/loopinv1_LoopInv1.Test1b_F_notnull-infer_eh.smt2,0,1201.7440045310068,1,10.539945737924427,0,1201.7274095059838
UFLIA/sledgehammer/Fundamental_Theorem_Algebra/smtlib.753561.smt2,0,1202.7195447550039,0,1201.7124346559867,0,1201.7468156609684
UFLIA/sledgehammer/TwoSquares/smtlib.832972.smt2,0,1.1178571569616906,1,0.2272185788024217,1,30.052825028076768
UFLIA/sledgehammer/QEpres/smtlib.909222.smt2,0,1201.7139796920237,0,1201.7282861210406,0,1201.73060492496
UFLIA/boogie/EnsuresFalse_C.foo.smt2,0,1201.712960503006,0,1201.7152066009585,0,1201.7262720679864
UFLIA/sledgehammer/Fundamental_Theorem_Algebra/smtlib.981914.smt2,0,1201.7437953870394,1,0.3348537718411535,0,1201.7394031239673
UFLIA/simplify/javafe.tc.EnvForCU.653.smt2,0,1201.7433578920318,1,0.5134658890310675,0,1201.722312875092
UFLIA/simplify2/front_end_suite/javafe.ast.ContinueStmt.004.smt2,1,1.5802199459867552,1,0.4924922550562769,1,3.9259675010107458
UFLIA/sledgehammer/TypeSafe/smtlib.1022424.smt2,0,1202.7242696660105,1,31.566174760926515,1,8.395293412962928
UFLIA/simplify/javafe.tc.FieldDeclVec.675.smt2,0,1201.7480389230186,1,0.8925691670738161,0,1201.7319639339112
UFLIA/grasshopper/uninstantiated/difference_precondition_of_difference_43_15.smt2,0,1201.7195803070208,1,43.05994787090458,0,1201.731252774829
UFLIA/sledgehammer/Hoare/smtlib.1155711.smt2,0,1202.23306937702,1,0.36049666488543153,1,869.5917264870368
UFLIA/sledgehammer/QEpres/smtlib.1114045.smt2,1,0.525853939994704,0,88.97429582010955,0,1201.7271159570664
UFLIA/tokeneer/tokenreader/getreaderstate-1.smt2,1,1.0295015319716185,1,0.22779926285147667,1,14.435187278082594
UFLIA/sledgehammer/Hoare/smtlib.660166.smt2,0,1202.7187759160297,1,5.102601316990331,1,39.98305870802142
UFLIA/sledgehammer/Fundamental_Theorem_Algebra/smtlib.890519.smt2,0,1202.772037288989,0,1201.7100390729029,0,1201.738458211068
UFLIA/boogie/Arrays_P2-noinfer.smt2,0,1202.2436493390123,0,1201.7161739978474,0,1201.7267823840957
UFLIA/sledgehammer/QEpres/smtlib.982041.smt2,0,1202.7211802859674,1,30.77586032007821,1,68.53166116704233
UFLIA/sledgehammer/QEpres/smtlib.980521.smt2,0,1202.7205916439998,1,31.20950727001764,0,1201.7296327787917
UFLIA/grasshopper/uninstantiated/copy_loop_invariant_50_5.smt2,1,91.11012493004091,1,30.288447042927146,1,1.3502202050294727
UFLIA/sledgehammer/TwoSquares/smtlib.785951.smt2,0,1202.717313287023,1,0.8813416310586035,0,1201.7218073159456
UFLIA/boogie/MustOverride_Ex4.B..ctor.smt2,1,64.79723908100277,1,0.35390599886886775,0,1201.7811943669803
UFLIA/simplify2/front_end_suite/javafe.tc.TypeSig.038.smt2,1,2.5680330540053546,1,0.6322154998779297,0,1201.7272042899858
UFLIA/simplify2/front_end_suite/javafe.parser.test.TestParse.007.smt2,0,1201.748593028984,1,0.26485044485889375,0,1201.7246000659652
UFLIA/simplify/javafe.util.BufferedCorrelatedReader.775.smt2,0,1201.7152301530004,1,1.3471447369083762,0,1201.7304073080886
UFLIA/sledgehammer/TwoSquares/smtlib.592580.smt2,0,913.1420242750319,0,1201.7293478141073,0,1201.7267965560313
UFLIA/simplify2/front_end_suite/javafe.tc.FlowInsensitiveChecks.004.smt2,0,1201.7817816300085,1,0.6402349369600415,0,1201.7318363809027
UFLIA/sledgehammer/Hoare/smtlib.774037.smt2,1,711.0580227440223,1,0.2909987289458513,1,1.40050700888969
UFLIA/simplify2/front_end_suite/javafe.ast.NewArrayExpr.003.smt2,0,1201.7434242059826,1,0.5721914209425449,1,30.470600980101153
UFLIA/tokeneer/latch/updatedevice-6.smt2,0,1.3724214909598231,0,1201.7137522469275,0,1201.744047270855
UFLIA/sledgehammer/Fundamental_Theorem_Algebra/smtlib.1179314.smt2,0,1202.721999846981,0,1201.7140822848305,0,1201.7275348398834
UFLIA/sledgehammer/Fundamental_Theorem_Algebra/smtlib.956852.smt2,1,0.85221390100196,1,0.23322049085982144,1,11.914602507837117
UFLIA/boogie/BasicMethodology_CS.test3.smt2,0,1201.7169872199884,1,13.239400059916079,0,1201.7381404540502
UFLIA/simplify2/front_end_suite/javafe.ast.ArrayRefExpr.011.smt2,0,1202.2531210130037,1,0.730609088903293,0,1201.7426153058186
UFLIA/boogie/StrictReadOnly_C2.Y0.smt2,0,1201.7186011899612,0,1201.7146751619875,0,1201.7233703751117
UFLIA/boogie/AdditiveMethods_OwnedResults.F5.smt2,0,1201.7171289710095,0,1201.7135818549432,0,1201.7231500081252
UFLIA/simplify2/front_end_suite/javafe.ast.LexicalPragmaVec.015.smt2,0,1201.7228273790097,1,1.0521723369602114,0,1201.7215827249456
UFLIA/sledgehammer/Arrow_Order/smtlib.588408.smt2,0,1201.7207584350253,0,1201.7108146529645,0,1201.7236424188595
UFLIA/sledgehammer/StrongNorm/smtlib.853023.smt2,1,1.7321446010028012,1,0.30193897103890777,1,17.508967167930678
UFLIA/sledgehammer/Fundamental_Theorem_Algebra/smtlib.1370456.smt2,0,1202.7704207330244,0,1201.7126911180094,0,1201.7300689409021
UFLIA/sledgehammer/QEpres/smtlib.721296.smt2,0,481.1485237359884,0,1201.7127680010162,1,3.3652106830850244
UFLIA/sledgehammer/QEpres/smtlib.1228959.smt2,0,1202.7479289289913,0,1201.7232826368418,0,1201.7488417821005
UFLIA/sledgehammer/TypeSafe/smtlib.817940.smt2,0,810.5591170460102,0,1201.7285857819952,0,1201.7233618670143
UFLIA/sledgehammer/Hoare/smtlib.936204.smt2,0,1202.218728193955,0,1201.712251542136,0,1201.724854334956
UFLIA/sledgehammer/FFT/smtlib.978320.smt2,0,1202.7194840940065,0,1201.7113281798083,0,1201.7300881440751
UFLIA/sledgehammer/Fundamental_Theorem_Algebra/smtlib.582679.smt2,0,934.5163728300249,0,1201.7396065080538,0,1201.7367620421574
UFLIA/sledgehammer/Hoare/smtlib.1224776.smt2,0,1202.7445440809825,1,29.48497758503072,1,1.4090012770611793
UFLIA/sledgehammer/Fundamental_Theorem_Algebra/smtlib.1443254.smt2,0,1202.7212030139635,0,1201.7445301259868,0,1201.7414202590007
UFLIA/sledgehammer/QEpres/smtlib.899134.smt2,0,1134.60584904399,0,1201.7283435082063,0,1201.7228993538301
UFLIA/sledgehammer/StrongNorm/smtlib.844174.smt2,0,1202.7706478089676,0,1201.7304603920784,0,1201.720140140038
UFLIA/tokeneer/enclave/startadminactivity-3.smt2,0,1.5764010400162078,0,1201.7392817658838,0,1201.745598717127
UFLIA/simplify2/front_end_suite/javafe.ast.TypeDeclElemVec.016.smt2,0,1201.71984691103,1,0.34763382701203227,0,1201.733052537078
UFLIA/boogie/AdvancedTypes_P..ctor-orderStrength_1.smt2,0,1201.7436760609853,1,0.485193575033918,0,1201.739770116983
UFLIA/sledgehammer/Fundamental_Theorem_Algebra/smtlib.742981.smt2,0,1202.7172315599746,0,1201.7122436850332,0,1201.7280366169289
UFLIA/boogie/Array_test3.MyClass.M2_test3.MyClass.array2_notnull.smt2,0,1201.718292829988,1,0.3111292060930282,1,822.6013770310674
UFLIA/simplify2/front_end_suite/javafe.ast.ParenExpr.002.smt2,1,2.2550440849736333,1,0.441488531883806,1,9.89864873397164
UFLIA/simplify/javafe.ast.ImportDeclVec.196.smt2,0,1202.2186078880331,1,0.38292627898044884,0,1201.7251005868893
UFLIA/sledgehammer/Arrow_Order/smtlib.859801.smt2,0,1201.7445500380127,0,1201.7239473089576,0,1201.7387073030695
UFLIA/sledgehammer/Fundamental_Theorem_Algebra/smtlib.1421004.smt2,0,1202.7776116050081,1,1.1455454488750547,1,146.15103005315177
UFLIA/sledgehammer/QEpres/smtlib.785288.smt2,0,735.1030262779677,0,1201.7370503409766,0,1201.7268871050328
UFLIA/sledgehammer/QEpres/smtlib.722998.smt2,0,1202.7244425749523,0,1201.7124801538885,0,1201.7199144638143
UFLIA/simplify2/front_end_suite/javafe.ast.FieldDecl.003.smt2,0,1201.7433783130255,1,0.5622372350189835,1,31.973784204106778
UFLIA/boogie/ExactTypes_W..ctor.smt2,0,1201.7421236399678,1,0.397520552854985,0,1201.7448974689469
UFLIA/simplify/javafe.filespace.UnionTree.518.smt2,0,1202.2425082409754,1,0.3112846228759736,0,1201.7286393791437
UFLIA/sledgehammer/QEpres/smtlib.1217538.smt2,0,1202.7205978659913,0,1201.7132002850994,0,1201.7212805058807
UFLIA/sledgehammer/TwoSquares/smtlib.595748.smt2,0,1202.210431822983,0,1201.7114899668377,0,1201.7400686750188
UFLIA/sledgehammer/Fundamental_Theorem_Algebra/smtlib.855575.smt2,1,0.5160373679827899,1,0.2310467518400401,1,99.086592128966
UFLIA/sledgehammer/TwoSquares/smtlib.711545.smt2,0,1202.719783182023,1,290.7675988301635,1,139.09038311010227
UFLIA/tokeneer/tokenreader/init-42.smt2,1,13.108747425023466,1,0.26446364796720445,1,0.9201049250550568
UFLIA/boogie/WhereMotivation_Types.M-modifiesOnLoop_1.smt2,0,1201.768331727013,1,0.29885064088739455,1,638.971486479044
UFLIA/sledgehammer/FFT/smtlib.815689.smt2,0,1202.713626104989,0,1201.7137678689323,0,1201.7363768029027
UFLIA/tokeneer/display/combinelines-21.smt2,0,1201.741771867033,1,0.2512634629383683,1,266.68855552119203
UFLIA/sledgehammer/Hoare/smtlib.667201.smt2,1,321.8322606040165,1,0.36745598795823753,1,8.928322996012866
UFLIA/sledgehammer/Arrow_Order/smtlib.715271.smt2,0,1202.7428160360432,1,0.3748302140738815,0,1201.7259486978874
UFLIA/sledgehammer/FFT/smtlib.604578.smt2,0,1202.7254660649924,1,0.3365873680450022,0,1201.7259897890035
UFLIA/sledgehammer/Arrow_Order/smtlib.647719.smt2,1,3.9974532820051536,1,0.3865013341419399,1,104.00211295695044
UFLIA/simplify2/front_end_suite/javafe.ast.TypeDeclVec.002.smt2,0,1201.7477993009961,1,0.6127803490962833,0,1201.7497571948916
UFLIA/sledgehammer/NS_Shared/smtlib.814955.smt2,0,1202.7403923249803,0,1201.760319983121,0,1201.7306982460432
UFLIA/simplify2/front_end_suite/javafe.ast.ImportDeclVec.008.smt2,1,1.9684008850017563,1,0.27394548198208213,1,52.47762515908107
UFLIA/simplify2/front_end_suite/javafe.ast.TypeDeclElemPragma.002.smt2,0,1201.719612378045,1,0.24333637696690857,1,16.97251821588725
UFLIA/boogie/Types_Types.M2_B-orderStrength_1.smt2,0,1201.7204761140165,1,0.3472052391152829,1,26.44036151911132
UFLIA/simplify2/front_end_suite/javafe.ast.EvalStmt.007.smt2,0,1202.7193721689982,1,11.112974270945415,0,1201.7211513810325
UFLIA/simplify2/front_end_suite/javafe.tc.TypeSig.041.smt2,0,1202.7169677849743,1,4.7573247430846095,1,27.991241249023005
UFLIA/boogie/AllocBeforeLoop_Test.Method-modifiesOnLoop-noinfer.smt2,0,1201.7439148080302,0,1201.7115464329254,0,1201.734421556117
UFLIA/tokeneer/latch/settimeout-3.smt2,0,1202.22313107003,0,1201.7164878319018,0,1201.7243009328377
UFLIA/sledgehammer/QEpres/smtlib.730254.smt2,0,908.1556465960457,0,1201.7195792230777,0,1201.7268718001433
UFLIA/sledgehammer/QEpres/smtlib.745834.smt2,0,632.0923584189732,0,1201.71540494496,0,1201.7438036228996
UFLIA/sledgehammer/TypeSafe/smtlib.621463.smt2,0,1201.7165452369954,0,1201.7126542390324,0,1201.747992606135
UFLIA/simplify/javafe.ast.TypeModifierPragmaVec.405.smt2,1,2.689780045999214,1,0.26287407404743135,1,80.02069751592353
UFLIA/boogie/CallLoop_Test.Method-modifiesOnLoop-noinfer.smt2,0,1202.2207080560038,1,0.384468040894717,0,1201.738175904844
UFLIA/boogie/StrictReadOnly_C2..ctor.smt2,0,1201.7443494080217,0,1201.7195082011167,0,1201.7434078699443
UFLIA/tokeneer/auditlog/truncatelog-8.smt2,0,1201.7188883759663,0,1201.716332766926,0,1201.7162277619354
UFLIA/boogie/LocalExpose_T.V1.smt2,0,1201.7206000720034,0,1201.7145887520164,0,1201.7415639129467
UFLIA/sledgehammer/Fundamental_Theorem_Algebra/smtlib.990273.smt2,0,1202.7188540060306,0,1201.7127776411362,0,1201.7445886780042
UFLIA/sledgehammer/Fundamental_Theorem_Algebra/smtlib.1423581.smt2,0,245.50370385998394,0,1201.7118867889512,0,1201.743802736979
UFLIA/simplify/javafe.TestTool.21.smt2,0,1201.7159769209684,1,0.36082573980093,0,1201.726164964959
UFLIA/simplify2/front_end_suite/javafe.util.StackVector.008.smt2,0,1201.7190587759833,1,0.2838475201278925,1,13.406550528015941
UFLIA/boogie/SimpleAssignments2_SimpleAssignments2.DivisionByZero-infer_i.smt2,0,1201.7421883270144,0,1201.709896678105,0,1201.7189841161016
UFLIA/boogie/ExactTypes_X..ctor.smt2,0,1201.7231962279766,1,0.4002360999584198,0,1201.7325808831956
UFLIA/simplify2/front_end_suite/javafe.ast.MethodDecl.004.smt2,1,1.5899332420085557,1,0.5516716209240258,1,3.888062675949186
UFLIA/grasshopper/uninstantiated/reverse_loop_invariant_37_3.smt2,0,1201.7489796119626,1,30.504469895968214,1,0.8479039028752595
UFLIA/sledgehammer/Fundamental_Theorem_Algebra/smtlib.558733.smt2,0,1202.7233113119728,0,1201.715183882974,0,1201.7349758828059
UFLIA/sledgehammer/Fundamental_Theorem_Algebra/smtlib.1446477.smt2,0,1202.745274343004,0,1201.7147353619803,0,1201.7337766829878
UFLIA/sledgehammer/NS_Shared/smtlib.583829.smt2,0,179.58020442997804,0,163.1150728929788,0,1201.7284889849834
UFLIA/sledgehammer/Fundamental_Theorem_Algebra/smtlib.1401723.smt2,0,1202.7464040199993,0,1201.7118637838867,0,1201.7484707790427
UFLIA/sledgehammer/TypeSafe/smtlib.899644.smt2,0,1201.7456780180219,0,1201.7312302920036,0,1201.7286730168853
UFLIA/simplify2/front_end_suite/javafe.ast.TryFinallyStmt.012.smt2,0,1201.7184600670007,1,0.7115768538787961,0,1201.7240682649426
UFLIA/sledgehammer/TwoSquares/smtlib.647292.smt2,0,1202.744389547035,1,0.30974742607213557,1,14.93135038902983
UFLIA/sledgehammer/Fundamental_Theorem_Algebra/smtlib.1428326.smt2,0,1202.7181619110052,1,151.7924616530072,0,1201.7304078510497
UFLIA/boogie/ConstructorVisibility_Visitor..ctor.smt2,0,1202.217190794996,1,0.3371806750074029,0,1201.7327938680537
UFLIA/sledgehammer/StrongNorm/smtlib.753157.smt2,0,1201.7206082749763,0,1201.7243718300015,0,1201.7487394681666
UFLIA/simplify2/front_end_suite/javafe.tc.FlowInsensitiveChecks.011.smt2,0,1202.2154571420397,1,29.721485333982855,0,1201.7220005479176
UFLIA/simplify/javafe.tc.TypeCheck.718.smt2,0,1202.7435214080033,1,0.8819569961633533,1,150.56431190413423
UFLIA/sledgehammer/Fundamental_Theorem_Algebra/smtlib.961677.smt2,0,1201.7174518189859,0,1201.7152904509567,0,1201.7237775770482
UFLIA/sledgehammer/QEpres/smtlib.882231.smt2,0,1202.718242248986,1,0.3709757730830461,1,858.5609948539641
UFLIA/sledgehammer/Fundamental_Theorem_Algebra/smtlib.965334.smt2,0,1202.7417237240006,1,0.5443404330871999,0,1201.7319512628019
UFLIA/sledgehammer/StrongNorm/smtlib.756536.smt2,0,1202.7461906570243,0,1201.71494475496,0,1201.7311777940486
UFLIA/simplify2/front_end_suite/javafe.ast.LocalVarDecl.005.smt2,1,5.033026418997906,1,0.5410989872179925,1,30.51796543900855
UFLIA/sledgehammer/Hoare/smtlib.944852.smt2,0,1202.749558966956,1,0.786637474084273,0,1201.7337315171026
UFLIA/tokeneer/tokenreader/poll/processreaderstatechange-7.smt2,1,4.150399375997949,1,0.2415398769080639,1,0.8509726801421493
UFLIA/boogie/ValidAndPrevalid_Interval.SpecSharp.CheckInvariant_System.Boolean.smt2,0,1201.769780698989,1,0.32554091489873827,1,533.4399808649905
UFLIA/boogie/StrictReadOnly_Impossible..ctor.smt2,0,1201.7695541870198,1,0.3704525618813932,1,828.3019610601477
UFLIA/sledgehammer/Fundamental_Theorem_Algebra/smtlib.1331541.smt2,0,1202.717329975043,0,1201.712546091061,1,105.09807308996096
UFLIA/simplify2/front_end_suite/javafe.ast.ArrayType.003.smt2,0,1201.74506763299,1,0.7195949289016426,0,1201.7338766651228
UFLIA/boogie/StrictReadOnly_C2.X3.smt2,0,1201.7764385979972,0,1201.7181556720752,0,1201.7313217641786
UFLIA/sledgehammer/QEpres/smtlib.788951.smt2,0,1202.748801800015,0,1201.7126865510363,0,1201.7281842748635
UFLIA/simplify2/front_end_suite/javafe.ast.LabelStmt.003.smt2,0,1201.7382118090172,1,2.384146667085588,1,1198.324285072973
UFLIA/boogie/PeerModifiesClauses_Homeboy.A-level_2.smt2,0,1201.7442023199983,0,1201.711803433951,0,1201.7421698318794
UFLIA/boogie/DoWhileBad_Test..ctor.smt2,0,1201.7191706320154,1,0.3117946940474212,0,1201.7327027700376
UFLIA/boogie/Chunker11a_Chunker..ctor_System.String_notnull_System.Int32.smt2,0,1201.7211805999978,1,1.0001025840174407,0,1201.722577852197
UFLIA/boogie/ModifiesClauses_ModifiesClauses.Test1_C_notnull.smt2,0,1201.7172146100202,0,1201.7172068799846,0,1201.7229439739604
UFLIA/sledgehammer/TwoSquares/smtlib.889871.smt2,1,20.466241932997946,1,0.25354957091622055,1,0.8611963570583612
UFLIA/boogie/StrictReadOnly_C2.W2.smt2,0,1201.7726858910173,0,1201.719997904962,0,1201.7276532030664
UFLIA/sledgehammer/Arrow_Order/smtlib.666358.smt2,0,1201.7223885559943,1,0.4541638840455562,1,84.01525572594255
UFLIA/simplify2/front_end_suite/javafe.ast.NewInstanceExpr.008.smt2,0,1202.7200197760249,1,15.006489655002952,0,1201.7233938009012
UFLIA/sledgehammer/QEpres/smtlib.1024995.smt2,0,1202.7471787609975,0,1201.717954252148,0,1201.7263846118003
UFLIA/sledgehammer/QEpres/smtlib.929336.smt2,0,1201.7169631499564,0,1201.713004722027,0,1201.7226899368688
UFLIA/sledgehammer/TwoSquares/smtlib.894689.smt2,0,0.5197569370502606,0,60.56627276097424,0,1201.7334377688821
UFLIA/simplify2/front_end_suite/javafe.tc.EnvForLocalType.005.smt2,0,1201.7164345759666,1,0.5091499800328165,0,1201.7354766929056
UFLIA/boogie/Bag2_Bag.Add_System.Int32.smt2,0,1201.716698047996,0,1201.7408479261212,0,1201.7361570908688
UFLIA/sledgehammer/TwoSquares/smtlib.730078.smt2,0,1202.248568058014,0,1201.7294603171758,0,1201.7356420459691
UFLIA/sledgehammer/Hoare/smtlib.993842.smt2,0,0.5842418120009825,0,60.461883556097746,0,1201.7257810588926
UFLIA/simplify2/front_end_suite/javafe.util.BufferedCorrelatedReader.003.smt2,1,1.3124007050064392,1,0.3059930498711765,1,13.409226724179462
UFLIA/sledgehammer/Hoare/z3.571837.smt2,0,1202.720789977,1,0.22571184183470905,0,1201.7445587101392
UFLIA/sledgehammer/QEpres/smtlib.699580.smt2,0,1202.2191896540462,0,1201.7184774482157,0,1201.7199898730032
UFLIA/simplify/javafe.ast.TypeModifierPragmaVec.403.smt2,0,1201.7765473800246,1,0.5893217760603875,0,1201.7298783229198
UFLIA/simplify2/front_end_suite/javafe.util.StackVector.014.smt2,0,1201.7171555570094,1,1.7905495951417834,0,1201.7243076958694
UFLIA/simplify2/front_end_suite/javafe.filespace.TreeWalker.005.smt2,0,1201.7193425659789,1,0.2891476370859891,1,35.47943635820411
UFLIA/sledgehammer/Fundamental_Theorem_Algebra/smtlib.937707.smt2,0,1202.7243139389902,1,0.2611870679538697,0,1201.7231510910206
UFLIA/sledgehammer/Hoare/smtlib.648419.smt2,0,1202.745083819027,1,356.1088601909578,1,839.1014174730517
UFLIA/boogie/Bag0_Bag..ctor_System.Int32.array.smt2,0,1201.7182598300278,0,1201.7354164691642,0,1201.7244582960848
UFLIA/sledgehammer/TwoSquares/smtlib.806804.smt2,1,2.863233827985823,1,0.3056920999661088,1,0.8671784778125584
UFLIA/boogie/Quantifiers_R-noinfer.smt2,1,0.6130830949987285,1,0.23212096700444818,1,0.9223459679633379
UFLIA/sledgehammer/QEpres/smtlib.1132042.smt2,0,1202.771192780987,0,1201.7346857930534,0,1201.7261660271324
UFLIA/sledgehammer/FFT/smtlib.891745.smt2,0,1202.7225425699726,0,1201.7105673260521,0,1201.7531741198618
UFLIA/simplify2/front_end_suite/javafe.ast.CatchClauseVec.016.smt2,0,1201.7168365999823,1,0.43915166915394366,0,1201.7287840819918
UFLIA/sledgehammer/Arrow_Order/smtlib.714399.smt2,0,1202.7669192260364,1,0.4041382079012692,0,1201.7190334470943
UFLIA/sledgehammer/NS_Shared/smtlib.885891.smt2,0,906.4978590140236,0,1201.7359484119806,0,1201.7494700269308
UFLIA/simplify/javafe.ast.MethodDecl.239.smt2,1,10.012197403993923,1,0.31458096113055944,1,46.999657968990505
UFLIA/boogie/WhereMotivation_Types.MLoop1.smt2,0,1201.7182361650048,0,1201.711396282073,0,1201.7566915559582
UFLIA/boogie/MustOverride_Ex2.B..ctor.smt2,1,66.51550653902814,1,0.33662918978370726,0,1201.7238138839602
UFLIA/sledgehammer/Hoare/smtlib.730595.smt2,0,1202.2203795569949,0,1201.7139036669396,0,1201.7273046821356
UFLIA/boogie/PeerFields_Parent..ctor.smt2,0,1201.721036892035,1,0.423016713000834,0,1201.7292496089358
UFLIA/sledgehammer/NS_Shared/smtlib.873666.smt2,0,920.170726538985,0,1201.7170693341177,0,1201.7352367390413
UFLIA/sledgehammer/NS_Shared/smtlib.570244.smt2,0,1202.774600645993,0,1201.7119497291278,0,1201.7602656849194
UFLIA/sledgehammer/TwoSquares/smtlib.690341.smt2,0,1202.720526875055,1,0.30330806807614863,1,116.584571425803
UFLIA/sledgehammer/QEpres/smtlib.675415.smt2,0,1201.7200399669819,0,1201.718369429931,0,1201.7488681490067
UFLIA/boogie/loopinv1_LoopInv1.Test0b_F_notnull-infer_eh.smt2,0,1201.7163457130082,1,27.325642083073035,0,1201.7245099719148
UFLIA/boogie/WhereClause_D.foo_System.String_System.String.ptr_System.String.ptr.smt2,0,1201.7174985369784,1,0.3476290130056441,0,1201.7314467700198
UFLIA/sledgehammer/Fundamental_Theorem_Algebra/smtlib.1380134.smt2,0,1202.7428139949916,0,1201.7116585979238,0,1201.7283716399688
UFLIA/sledgehammer/TypeSafe/smtlib.859703.smt2,0,1202.2282494970132,0,1201.736854052171,0,1201.7142094229348
UFLIA/simplify/javafe.tc.CheckInvariants.637.smt2,0,1202.2200943629723,1,2.053750848164782,0,1201.7206003169995
UFLIA/simplify2/front_end_suite/javafe.util.FileCorrelatedReader.004.smt2,0,1201.743362550973,1,0.3780727428384125,0,1201.7271033998113
UFLIA/sledgehammer/Fundamental_Theorem_Algebra/smtlib.1356003.smt2,1,0.5931409219629131,1,0.22661992092616856,1,7.420450987992808
UFLIA/simplify2/front_end_suite/javafe.ast.MethodDecl.009.smt2,0,1201.7216524610412,1,2.6167209348641336,0,1201.7297377900686
UFLIA/sledgehammer/Hoare/smtlib.885291.smt2,0,395.9731518109911,0,1201.7136505299713,0,1201.7249090338591
UFLIA/simplify2/front_end_suite/javafe.ast.TypeNameVec.001.smt2,0,1201.7430637860089,1,1.183031196007505,0,1201.7268269809429
UFLIA/simplify/javafe.parser.Parse.551.smt2,1,1.2955216679838486,1,0.2693412529770285,1,17.961698194034398
UFLIA/sledgehammer/TwoSquares/smtlib.887872.smt2,1,5.833237543003634,1,6.8571694740094244,1,350.4353164739441
UFLIA/boogie/BasicMethodology_CS..ctor.smt2,0,1201.7679770460236,1,0.5129211968742311,0,1201.7414576851297
UFLIA/sledgehammer/NS_Shared/smtlib.688188.smt2,0,1201.7171978770057,0,1201.7119889818132,0,1201.737165197963
UFLIA/simplify2/front_end_suite/javafe.parser.test.TestParse.011.smt2,0,1201.7205009089666,1,0.2517726009245962,0,1201.7254284908995
UFLIA/simplify2/front_end_suite/javafe.ast.MethodInvocation.006.smt2,0,1201.7426049890346,1,0.5544758338946849,1,22.446239073062316
UFLIA/sexpr/SES.PrettySx.ReadToken_System.IO.TextReader_notnull_System.String.ptr.smt2,0,1201.7182601509849,1,31.273225323995575,1,81.5645250629168
UFLIA/sledgehammer/StrongNorm/smtlib.658074.smt2,0,1035.722940882959,0,1201.7134751698468,0,1201.7225615549833
UFLIA/sledgehammer/StrongNorm/smtlib.591385.smt2,0,1202.718050526979,0,1201.7153716750909,0,1201.7361787480768
UFLIA/boogie/ExposeVersion_X.FieldUpdateByObjectCreationWithMethodQueryFails_X_notnull-level_2.smt2,0,1201.7679950789898,0,1201.7186652789824,0,1201.7466833039653
UFLIA/simplify/javafe.tc.MethodDeclVec.692.smt2,1,2.1960788239957765,1,0.2685440038330853,1,12.942751249065623
UFLIA/sexpr/SES.Nary..ctor_System.String_notnull_System.Cl.G.List_1...opt...MS.Cn.NNT.SES.Sx_notnull.smt2,0,1201.7430578039493,1,32.663698174990714,1,78.17079729097895
UFLIA/sledgehammer/TwoSquares/smtlib.748092.smt2,0,1201.7414981430047,0,1201.7117306599393,0,1201.7260137228295
UFLIA/sledgehammer/Hoare/z3.572409.smt2,0,1202.7176192619954,1,0.2324892021715641,0,1201.726045332849
UFLIA/tokeneer/tokenreader/poll/checkcardstate-6.smt2,1,10.98462564899819,1,0.24576113605871797,1,0.8930683908984065
UFLIA/sledgehammer/Fundamental_Theorem_Algebra/smtlib.1470483.smt2,1,0.976698637008667,1,0.23811213788576424,1,3.385197266936302
UFLIA/simplify2/front_end_suite/javafe.tc.MethodDeclVec.008.smt2,1,1.4265094739967026,1,0.29218568187206984,1,51.474294271087274
UFLIA/sledgehammer/Fundamental_Theorem_Algebra/smtlib.1160842.smt2,0,1065.4495890550315,1,0.2672077191527933,1,3.3921151331160218
UFLIA/simplify2/front_end_suite/javafe.tc.CheckCompilationUnit.002.smt2,1,3.158490298956167,1,0.29900323296897113,1,4.383246489102021
UFLIA/sledgehammer/StrongNorm/smtlib.647269.smt2,0,1202.747652466991,0,1201.7152126599103,0,1201.7666081199422
UFLIA/simplify2/front_end_suite/javafe.tc.EnvForCU.007.smt2,0,1202.247382903006,1,0.40787869202904403,0,1201.7428260229062
UFLIA/sledgehammer/QEpres/smtlib.846284.smt2,0,1202.7582750210422,0,1201.7149366310332,0,1201.7263469831087
UFLIA/boogie/DynamicTypes_DynamicTypes.N0.smt2,0,1201.7207144740387,1,0.3855205250438303,0,1201.754524424905
UFLIA/boogie/Bag8_Bag.SpecSharp.CheckInvariant_System.Boolean.smt2,0,1201.7181092609535,1,0.2966825570911169,1,123.6320926900953
UFLIA/boogie/equiv6_M0-infer_e-vc_local.smt2,0,1202.218744665035,0,1201.7184811059851,0,1201.7216355388518
UFLIA/sledgehammer/Arrow_Order/smtlib.817743.smt2,0,1201.7443290309748,1,0.623077386058867,1,2.3919361128937453
UFLIA/sledgehammer/QEpres/smtlib.910143.smt2,0,1202.7445509490208,0,1201.7107461499982,0,1201.738221297972
UFLIA/sledgehammer/Fundamental_Theorem_Algebra/smtlib.897602.smt2,0,1202.7206697260262,1,736.1049671671353,0,1201.7257309339475
UFLIA/tokeneer/configdata/thealarmthresholdentries-3.smt2,0,1.2606125199818052,0,1201.7197208579164,0,1201.7537952738348
UFLIA/sledgehammer/QEpres/smtlib.792894.smt2,0,1201.7187628910178,0,1201.719927546801,0,1201.7276129850652
UFLIA/sledgehammer/Fundamental_Theorem_Algebra/smtlib.1194644.smt2,0,1202.7197997560143,1,0.36648790002800524,0,1201.7261004929896
UFLIA/sledgehammer/QEpres/smtlib.958357.smt2,0,1202.7424520640052,1,0.4166580350138247,0,1201.7388618129771
UFLIA/simplify2/front_end_suite/javafe.parser.Token.001.smt2,0,1202.244332133967,1,0.3311528579797596,0,1201.7351113329642
UFLIA/simplify/javafe.tc.TypeSigVec.736.smt2,0,1201.7437514380435,1,1.332978697028011,0,1201.7253671251237
UFLIA/simplify2/front_end_suite/javafe.ast.DoStmt.008.smt2,0,1202.7423057029955,1,23.238202603068203,0,1201.7348037040792
UFLIA/simplify/javafe.ast.TypeDeclVec.387.smt2,1,2.060289103013929,1,0.35921263811178505,1,12.960765721974894
UFLIA/tokeneer/enclave/init-4.smt2,0,1.2858708359999582,0,1201.7116543590091,0,1201.7525530690327
UFLIA/boogie/AdditiveMethods_Sub.StartHere2_AdditiveMethods_notnull.smt2,0,1201.7192184189917,0,1201.7165060541593,0,1201.745675134007
UFLIA/simplify2/front_end_suite/javafe.filespace.PkgTree.008.smt2,0,1201.7415069760173,1,0.32135209417901933,1,51.549139346927404
UFLIA/sledgehammer/Fundamental_Theorem_Algebra/smtlib.1232178.smt2,0,943.7610234810272,0,1201.718201145064,0,1201.740525974892
UFLIA/sledgehammer/Fundamental_Theorem_Algebra/smtlib.1509557.smt2,0,1201.7355982279987,1,0.2945459699258208,1,526.3006448671222
UFLIA/simplify2/front_end_suite/javafe.ast.InstanceOfExpr.002.smt2,0,1201.7416040739627,1,0.4529801611788571,1,9.455294508021325
UFLIA/boogie/Strings_test3.MyStrings.StringCoolness1.smt2,0,1201.744533331017,1,2.601113672135398,0,1201.721536753932
UFLIA/simplify/javafe.CopyLoaded.5.smt2,0,1201.747034872009,1,0.2940134168602526,1,789.7731071040034
UFLIA/simplify2/front_end_suite/javafe.ast.TypeDeclVec.008.smt2,1,2.209010770020541,1,0.2832262630108744,1,50.50687228096649
UFLIA/sledgehammer/TypeSafe/smtlib.1160950.smt2,0,1201.7398069150513,0,1201.714231990045,0,1201.7536932248622
UFLIA/sledgehammer/TypeSafe/smtlib.820758.smt2,0,1202.2167860929621,0,1201.7124568189029,0,1201.7242965768091
UFLIA/sledgehammer/Fundamental_Theorem_Algebra/smtlib.1382198.smt2,0,1202.743022432027,0,1201.7303627941292,0,1201.728007075144
UFLIA/simplify2/front_end_suite/javafe.tc.TypeSig.026.smt2,1,3.2357037840411067,1,0.5963266589678824,1,72.05512528005056
UFLIA/sledgehammer/TwoSquares/smtlib.672156.smt2,0,1202.726377265004,0,1201.735671182163,0,1201.7247213649098
UFLIA/simplify2/front_end_suite/javafe.parser.Lex.013.smt2,0,1201.7174705479993,1,2.0891951299272478,0,1201.7498247059993
UFLIA/simplify2/front_end_suite/javafe.ast.InstanceOfExpr.007.smt2,0,1202.7252983300132,1,14.865861904108897,0,1201.7239825399593
UFLIA/simplify2/front_end_suite/javafe.reader.ASTClassFileParser.001.smt2,0,1202.7548895219807,1,16.932849243981764,0,1201.730703808833
UFLIA/simplify2/front_end_suite/javafe.parser.ParseUtil.004.smt2,0,1201.7691605029977,1,0.3748996888753027,1,90.99907612311654
UFLIA/sexpr/SES.Sx.get_IsTrue.smt2,0,1201.7670923260157,1,1.3497391969431192,1,132.56999975303188
UFLIA/sledgehammer/Fundamental_Theorem_Algebra/smtlib.1438328.smt2,1,1.1037129479809664,1,0.2475288959685713,1,3.3720664109569043
UFLIA/simplify2/front_end_suite/javafe.reader.MethodSignature.003.smt2,0,866.1345377309481,1,0.29684950807131827,1,8.912931474857032
UFLIA/simplify/javafe.filespace.Tree.504.smt2,1,733.8415075269877,1,0.25301527488045394,0,1201.740005462896
UFLIA/boogie/PureCall_Cell.set_FieldLikeProperty_System.Int32.smt2,0,1201.7620386860217,1,0.3042649000417441,0,1201.7258375289384
UFLIA/simplify2/front_end_suite/javafe.ast.ArrayInit.005.smt2,1,1.850420036003925,1,0.5508949488867074,1,24.937843295978382
UFLIA/sledgehammer/QEpres/smtlib.850092.smt2,0,1202.7138490809593,0,1201.7109780779574,0,1201.7221587421373
UFLIA/simplify/javafe.reader.StandardTypeReader.617.smt2,0,1201.7770161119988,1,2.126218216959387,0,1201.7544569878373
UFLIA/simplify2/front_end_suite/javafe.ast.MethodDecl.002.smt2,0,1201.7706520220381,1,0.6806358699686825,1,24.95494994195178
UFLIA/simplify2/front_end_suite/javafe.ast.BlockStmt.005.smt2,1,1.7494659540243447,1,0.6435473149176687,1,20.485551645047963
UFLIA/sledgehammer/Fundamental_Theorem_Algebra/smtlib.1500270.smt2,0,1202.7191749470076,0,1201.7151735839434,0,1201.745446773013
UFLIA/sledgehammer/Arrow_Order/smtlib.777190.smt2,0,1202.7203091129777,1,0.3100510179065168,1,0.8648337598424405
UFLIA/sledgehammer/Hoare/smtlib.985159.smt2,0,741.3094403710566,0,1201.717159613967,0,1201.7234777649865
UFLIA/sledgehammer/Hoare/smtlib.791190.smt2,0,0.5389588340185583,0,90.90526858507656,0,1201.7295715259388
UFLIA/tokeneer/tokenreader/init-46.smt2,1,12.830208256025799,1,0.2362829209305346,1,0.8977457319851965
UFLIA/simplify/javafe.ast.TryCatchStmt.358.smt2,0,1202.7180093569914,1,0.6792779199313372,1,56.08386760088615
UFLIA/sledgehammer/TypeSafe/smtlib.620524.smt2,0,1095.223986787023,0,1201.714600916952,0,1201.7299163090065
UFLIA/simplify2/front_end_suite/javafe.filespace.Resolve.009.smt2,0,1201.7212125399965,1,0.3371730539947748,0,1201.7322128019296
UFLIA/sledgehammer/TwoSquares/smtlib.618605.smt2,0,1202.2176110600121,1,0.33690802403725684,1,142.09075863705948
UFLIA/boogie/AdvancedTypes_InternalSubClass..ctor-orderStrength_1.smt2,0,1201.7170982459793,1,0.5515123589430004,0,1201.7515911129303
UFLIA/simplify/javafe.filespace.TreeWalker.513.smt2,0,1202.2169744040002,1,0.27265445818193257,1,39.481669465778396
UFLIA/sledgehammer/TwoSquares/smtlib.722668.smt2,0,1202.753631969972,0,1201.7129674709868,0,1201.7188595889602
UFLIA/sledgehammer/TwoSquares/smtlib.780731.smt2,0,1202.7204791079857,1,240.98466372909024,0,1201.7173582299147
UFLIA/sledgehammer/QEpres/smtlib.683704.smt2,0,1202.7181232270086,0,1201.7129234739114,0,1201.7501662119757
UFLIA/sledgehammer/Fundamental_Theorem_Algebra/smtlib.559062.smt2,0,415.0337258820073,0,1201.7150368301664,0,1201.7364346969407
UFLIA/simplify2/front_end_suite/javafe.ast.ParenExpr.011.smt2,0,1201.7446980479872,1,0.6592310320120305,0,1201.7264166369569
UFLIA/simplify/javafe.ast.VarInitVec.435.smt2,0,1202.2162180009764,1,0.3163714630063623,0,1201.736465414986
UFLIA/simplify2/front_end_suite/javafe.tc.CheckInvariants.004.smt2,0,1202.720836281951,1,213.43709678715095,0,1201.7737001499627
UFLIA/sledgehammer/Fundamental_Theorem_Algebra/smtlib.1330629.smt2,0,1202.7367602279992,0,1201.7146598971449,1,1171.022925016936
UFLIA/boogie/ExplicitExposeVersionHavoc_A.Unsound-level_2.smt2,0,1201.7436185219558,0,1201.7150298580527,0,1201.7239936369006
UFLIA/simplify2/front_end_suite/javafe.ast.PrimitiveType.004.smt2,0,1202.7459217809956,1,0.6623518490232527,0,1201.7344701390248
UFLIA/tokeneer/configdata/writefile-10.smt2,0,1201.746458705049,0,1201.714630989125,0,1201.7388641238213
UFLIA/sledgehammer/QEpres/smtlib.1153410.smt2,0,1202.7205739099882,0,1201.7331252561416,0,1201.7481709280983
UFLIA/boogie/Cast_Cast.M_System.String_System.String_notnull.smt2,0,1201.717628134007,1,0.3077614039648324,0,1201.7409339027945
UFLIA/boogie/PeerFields_PeerFields.Assign5.smt2,0,1201.7424307960318,1,0.3538041489664465,0,1201.7263236979488
UFLIA/boogie/Change769_Test3..ctor.smt2,1,70.01239342696499,1,0.3705786510836333,0,1201.7617924539372
UFLIA/sledgehammer/FFT/smtlib.703335.smt2,0,1202.7448345180019,0,1201.712287680013,0,1201.7552984980866
UFLIA/simplify/javafe.ast.ModifierPragmaVec.259.smt2,0,1202.2462359280325,1,0.3782168289180845,0,1201.7177206908818
UFLIA/sledgehammer/QEpres/smtlib.630030.smt2,0,1201.7214296259917,0,1201.7146795541048,1,786.8653963049874
UFLIA/sledgehammer/TypeSafe/smtlib.795639.smt2,0,1202.2442169029964,0,1201.714547950076,0,1201.7381282499991
UFLIA/sledgehammer/Arrow_Order/smtlib.695410.smt2,0,1201.7417688339483,1,120.61396577511914,0,1201.759899331024
UFLIA/sledgehammer/Hoare/smtlib.917229.smt2,0,1202.7458408030216,1,0.3207976301200688,1,0.8690999869722873
UFLIA/simplify2/front_end_suite/javafe.ast.IdentifierVec.016.smt2,0,1201.7172218300402,1,1.1463204929605126,0,1201.7274566770066
UFLIA/boogie/PureAxioms_A..ctor-level_2.smt2,0,1201.7592485499918,1,0.41539897094480693,0,1201.737803960219
UFLIA/sledgehammer/QEpres/smtlib.1149426.smt2,0,1202.7195321780164,0,1201.722529644845,0,1201.7335036869626
UFLIA/simplify/javafe.ast.VarInitVec.436.smt2,0,1201.717626682017,1,10.574387874919921,0,1201.7508985239547
UFLIA/sledgehammer/QEpres/smtlib.925725.smt2,0,1201.75370555697,0,1201.712471898878,0,1201.7352426981088
UFLIA/sledgehammer/TwoSquares/smtlib.783255.smt2,0,1202.2169012369704,1,120.58649197616614,0,1201.7361926229205
UFLIA/sledgehammer/Hoare/smtlib.624726.smt2,0,1201.7187426809687,0,1201.7178847379982,0,1201.7320302741136
UFLIA/sledgehammer/Fundamental_Theorem_Algebra/smtlib.647964.smt2,0,1202.7240813519456,0,1201.7113654711284,0,1201.7263999669813
UFLIA/sledgehammer/Fundamental_Theorem_Algebra/smtlib.832222.smt2,0,1202.7156198769808,1,0.35314282099716365,1,1116.0256279599853
UFLIA/sledgehammer/QEpres/smtlib.796442.smt2,0,570.756663163018,0,1201.7118383010384,0,1201.7246702888515
UFLIA/sledgehammer/StrongNorm/smtlib.614780.smt2,0,1202.724320769019,0,1201.7189999860711,0,1201.7423288819846
UFLIA/simplify/javafe.ast.VarInitVec.438.smt2,0,1201.7456552949734,1,1.1559949840884656,0,1201.722657951992
UFLIA/sledgehammer/QEpres/smtlib.1038391.smt2,0,1202.7437665719772,0,1201.7169603460934,0,1201.7273689969443
UFLIA/simplify2/small_suite/addhi.smt2,0,1007.7688300019945,1,31.713544784113765,1,1.8592641209252179
UFLIA/sledgehammer/TypeSafe/smtlib.850673.smt2,0,562.1497527550091,0,1201.7133015319705,0,1201.7288232750725
UFLIA/sledgehammer/Fundamental_Theorem_Algebra/smtlib.962373.smt2,0,1124.3631702280254,0,1202.239216543967,0,1201.7353164041415
UFLIA/tokeneer/auditlog/archivelog-6.smt2,1,934.4930976880132,1,0.25367463286966085,1,116.01558080990799
UFLIA/sledgehammer/Fundamental_Theorem_Algebra/smtlib.1375448.smt2,0,1202.7247661590227,0,1201.7124895369634,0,1201.7434702909086
UFLIA/sledgehammer/Hoare/smtlib.778572.smt2,0,1202.7178141009645,0,1201.7149970419705,0,1201.7279237289913
UFLIA/simplify/javafe.parser.Lex.542.smt2,0,1201.7492517089704,1,0.7110257029999048,0,1201.7325791739859
UFLIA/boogie/StrictReadOnly_C1.W0.smt2,0,1201.7168147439952,1,0.38017704407684505,1,823.7354426959064
UFLIA/simplify/javafe.filespace.HashTree.466.smt2,0,1202.2446270089713,1,0.3100240651983768,0,1201.721214427147
UFLIA/sledgehammer/FFT/smtlib.649733.smt2,0,1202.7246303450083,0,1201.717498847982,0,1201.725758020999
UFLIA/sledgehammer/FFT/smtlib.898916.smt2,1,0.8651376980124041,1,0.23740883800201118,1,817.0521032549441
UFLIA/tokeneer/enclave/progressadminactivity-8.smt2,0,1195.0507880920195,0,1201.7168110390194,0,1201.750980434008
UFLIA/simplify2/front_end_suite/javafe.ast.WhileStmt.012.smt2,0,1201.7438568499638,1,0.6861796749290079,0,1201.728346601827
UFLIA/sledgehammer/Fundamental_Theorem_Algebra/smtlib.889787.smt2,0,1202.7224088410148,0,1201.7126279021613,0,1201.7472142900806
UFLIA/sledgehammer/Fundamental_Theorem_Algebra/smtlib.1474707.smt2,0,1202.7446868320112,1,70.13860435783863,0,1201.7305721689481
UFLIA/sledgehammer/Fundamental_Theorem_Algebra/smtlib.740585.smt2,0,1202.7232054549968,0,1201.7118336870335,0,1201.7386164299678
UFLIA/boogie/Capture_Capture..ctor.smt2,0,1201.7687414250104,1,0.3140571299009025,0,1201.733996857889
UFLIA/simplify/javafe.ast.InstanceOfExpr.203.smt2,0,1202.7208447289886,1,1.4311657671350986,0,1201.725850484101
UFLIA/simplify2/front_end_suite/javafe.ast.TypeObjectDesignator.003.smt2,0,1201.7549700870295,1,0.6942667870316654,0,1201.743810201995
UFLIA/sledgehammer/TypeSafe/smtlib.1027653.smt2,0,1202.748683245969,1,0.38101116893813014,1,21.454129223013297
UFLIA/sledgehammer/TypeSafe/smtlib.932650.smt2,0,1202.7180019289954,0,1201.7245830351021,0,1201.7342875269242
UFLIA/sledgehammer/NS_Shared/smtlib.907366.smt2,0,1202.7434355030418,1,0.6600964372046292,0,1201.7249260440003
UFLIA/sexpr/SES.PrettySx.DoIt_System.IO.TextReader_notnull_System.IO.TextWriter_notnull.smt2,0,1201.718962122046,1,31.95311795687303,1,88.60548852104694
UFLIA/simplify2/front_end_suite/javafe.ast.BinaryExpr.004.smt2,0,1201.7713797669858,1,7.10899327788502,1,1196.227941819001
UFLIA/boogie/Bag1_Bag.RemoveMin.smt2,0,1201.7164765589987,0,1201.7142341190483,0,1201.7654905128293
UFLIA/sledgehammer/Hoare/smtlib.953884.smt2,1,5.253968603967223,1,0.37643876019865274,0,1201.7330622640438
UFLIA/simplify2/front_end_suite/javafe.tc.FlowInsensitiveChecks.003.smt2,0,1201.740663412027,1,1.108671487076208,0,1201.7560137279797
UFLIA/sledgehammer/QEpres/smtlib.591676.smt2,0,1202.7440843319637,0,1201.7205365488771,0,1201.7255531330593
UFLIA/simplify2/front_end_suite/javafe.SrcTool.003.smt2,0,1201.7244363260106,1,0.736900364048779,0,1201.7249455777928
UFLIA/boogie/Strings_test3.MyStrings.UnpackString_System.String_notnull.smt2,0,1201.717533676012,0,1201.7381426158827,0,1201.733163316967
UFLIA/simplify2/front_end_suite/javafe.util.StackVector.002.smt2,0,1201.7543764769798,1,0.2601976429577917,1,14.41023941594176
UFLIA/sledgehammer/Fundamental_Theorem_Algebra/smtlib.1256764.smt2,0,403.13394321501255,0,1201.7187232729048,0,1201.740780863911
UFLIA/boogie/AssertFalse_AssertFalseTest..ctor.smt2,0,1201.7439875970013,1,0.33791593299247324,0,1201.7249638792127
UFLIA/sledgehammer/TwoSquares/smtlib.709126.smt2,0,1202.7207723930478,1,0.4658337840810418,1,848.4109606910497
UFLIA/sledgehammer/FFT/smtlib.898348.smt2,1,0.896217038971372,1,0.2405982620548457,1,817.0977940978482
UFLIA/sledgehammer/QEpres/smtlib.1205712.smt2,0,1202.744649382017,0,1201.713659206871,0,1201.7583442039322
UFLIA/sledgehammer/Fundamental_Theorem_Algebra/smtlib.1088600.smt2,0,343.1028553720098,0,1201.7147121371236,0,1201.7372360299341
UFLIA/sledgehammer/Fundamental_Theorem_Algebra/smtlib.860753.smt2,0,1202.7184048009804,0,1201.7105771841016,1,824.6121849960182
UFLIA/simplify2/front_end_suite/javafe.ast.StandardPrettyPrint.021.smt2,1,2.1925980809610337,1,0.5569815309718251,1,5.387462347978726
UFLIA/tokeneer/auditlog/addelementtologfile-8.smt2,0,1201.7788000550354,0,1201.7127079509664,0,1201.7243284480646
UFLIA/grasshopper/uninstantiated/insert_postcondition_of_insert_49_4.smt2,0,1202.2162118940032,1,0.48072056705132127,1,498.3092264458537
UFLIA/sledgehammer/QEpres/smtlib.792041.smt2,0,1084.6257116689812,0,1201.7142558239866,0,1201.723454983905
UFLIA/sledgehammer/QEpres/smtlib.937674.smt2,0,1202.7206843000022,0,1201.7164869839326,0,1201.7270828508772
UFLIA/sledgehammer/Fundamental_Theorem_Algebra/smtlib.1500119.smt2,0,1202.7198862510268,0,1201.7150262249634,0,1201.7388969990425
UFLIA/boogie/ConstructorVisibility_Literal..ctor_System.Int32.smt2,0,1201.7373962739948,1,0.4547099720221013,0,1201.7164774539415
UFLIA/grasshopper/uninstantiated/insertion_sort_postcondition_of_insertion_sort_63_1.smt2,0,1201.7192595960223,1,0.4466017731465399,0,1201.7290859550703
